N-7000	N-7000
Nabaath Fringe	Набаата с бахромой
Nael van Darnus	Наэль ван Дарнус
Nagxian	из Нагсии
Nail	«Гвоздь»
Nail of the Heavens	«Гвоздь небес»
Nakki	накки
Nald	Нальда
Nald's Reflection	«Отражение Нальда»
Nald'thal's	Нальда'Тала
Namai	«Намай»
Namazu Junkmonger	для найма торговца намадзу
Namazu Manservant	для найма слуги намадзу
Namazu Material Supplier	для найма поставщика материалов намадзу
Namazu Mender	для найма ремонтника намадзу
Nameday	ко дню именин
Nameless Armor	с безымянными доспехами
Nameslates	«Именные таблички»
Namingway	Неймингвея
Nanamo Ul Namo	Нанамо Уль Намо
Narunnairian	из Наруннейра
Naryor Gorna	«Нарьор Горна»
Natural	природного происхождения
Natural Afflatus Trapper's	охотника природного вдохновения
Natural Oizys	природного происхождения с Оизис
Nature's Bounty	«Щедрость природы»
Navigator	«Мореплавательница»
Navigator's Glory - The Theme of Limsa Lominsa	«Слава Мореплавательницы — тема Лимсы Ломинсы»
Near Eastern Antique	ближневосточного антиквариата
Neath Dark Waters	«Под тёмными водами»
Neath Dark Waters (Pulse)	«Под тёмными водами» (Пульс)
Neath Dark Waters (Scions & Sinners)	«Под тёмными водами» (Наследники и грешники)
Necklace Display	для демонстрации ожерелья
Necromancer's	некроманта
Necron	Некрона
Nekropolis	некрополя
Nemesis	«Немезида»
Neo Citizen's	нового горожанина
Neo Citizen's Hooded	нового горожанина с капюшоном
Neo Queen's	новой королевы
Neo-toolbox	неоящика для инструментов
Neomasher	неотолкушки
Neon	с неоновым свечением
Neon Green	неоново-зелёного цвета
Neon Pink	неоново-розового цвета
Neon Street Cargo	уличного неонового стиля с накладными карманами
Neon Yellow	неоново-жёлтого цвета
Neophyte's	неофита
Nephrite	нефрита
Nero tol Scaeva	Нерона тол Сцевы
New Foundations	«Новые основы»
New Growth	нового роста
New Growth Beech	молодого бука
Nexus Arcade	«Торговая галерея Нексус»
Nezha	Нэчжи
Nicked Viking	викинга с зазубринами
Nidhogg	Нидхёгга
Nidhogg's	Нидхёгга
Nidifice	«Нидифис»
Night	ночи
Night Pegasus	для призыва ночного пегаса
Night Stallion Activation	активации ночного жеребца
Night in the Brume	«Ночь в Тумане»
Night in the Brume (Piano Collections)	«Ночь в Тумане» (Фортепианные сборники)
Night's	ночи
Nightbloom	«Ночное цветение»
Nightforged Alchemist's	алхимика для ночной ковки
Nightforged Armorer's	бронника для ночной ковки
Nightforged Blacksmith's	кузнеца для ночной ковки
Nightforged Botanist's	ботаника для ночной ковки
Nightforged Carpenter's	плотника для ночной ковки
Nightforged Culinarian's	кулинара для ночной ковки
Nightforged Fisher's	рыбака для ночной ковки
Nightforged Goldsmith's	ювелира для ночной ковки
Nightforged Ice	льда для ночной ковки
Nightforged Leatherworker's	кожевника для ночной ковки
Nightforged Miner's	горняка для ночной ковки
Nightforged Water	воды для ночной ковки
Nightforged Weaver's	ткача для ночной ковки
Nighthawk	ночного ястреба
Nightmare	для призыва кошмара
Nightprowler's	ночного охотника
Nigimitama	Нигимитамы
Niikwerepi	из Ниикверепи
Nilopala Nourishments	«Пища Нилопалы»
Nirvana	нирваны
Nitowikwe	Нитовикве
No Greater Sorrow	«Нет большей скорби»
No Quarter	«Никакой пощады»
No-entry Door	с непроходной дверью
Nobility Obliges	«Положение обязывает»
Nobility Sleeps	«Знать спит»
Noble	знати
Noctis Lucis Caelum	Ноктиса Люциса Кэлума
Noir Leather	стиля нуар из кожи
Nomad Meat	с мясом по рецепту кочевников
Nophica	Нофики
Nophica Green	зелёного цвета Нофики
Nophica's	Нофики
North Horn	Северного Рога
North Shroud	Северного Покрова
Northern	с севера
Northern Sea	северного моря
Northern Thanalan	Северного Таналана
Northsea	Северного моря
Not Afraid	«Без страха»
Notched	с зазубринами
Notice of Death	«Весть о смерти»
Noumenon	«Ноумен»
Now I Know the Truth	«Теперь я знаю правду»
Nu Mou	ну-моу
Nu Udra's Oilwell Basin	«Ну Удра в Нефтяной долине»
Nutrient-rich	с высоким содержанием питательных веществ
Nymeia	Нимеи
Nymeia Lily	лилии Нимеи
Nymeia's	Нимеи
Nymian Wall	Нима для стены
Nyunkrepf's Hope	«Надежда Нюнкрепфа»
O Hunter, Rejoice	«Охотник, возрадуйся»
O Speaker, Slumber	«Оратор, усни»
O'Ghomoro Berry	ягод О'Гоморо
OFC	для призыва ОФК
Oak Low Barrel	в низкой дубовой бочке
Oaken	из дуба
Oasis Arched	оазиса с аркой
Oasis Argyle	оазиса с ромбами
Oasis Canopy	оазиса с балдахином
Oasis Classical	оазиса классического стиля
Oasis Cobble	оазиса из булыжника
Oasis Crowned	оазиса с короной
Oasis Dining	оазиса для обедов
Oasis Flora	оазиса с цветочным узором
Oasis Half	оазиса, половинная высота
Oasis Lancet	оазиса со стрельчатой аркой
Oasis Leaf	оазиса с листьями
Oasis Oblong	оазиса продолговатой формы
Oasis Octagonal	оазиса восьмиугольной формы
Oasis Partition	для перегородки оазиса
Oasis Rounded	оазиса округлой формы
Oasis Stone	оазиса из камня
Oasis Striking	оазиса для тренировок
Oasis Wall	оазиса для стены
Oasis Wall-mounted	оазиса с креплением на стену
Oasis Wooden	оазиса из дерева
Oblivion	«Забвение»
Oblivion (GUNN Vocals)	«Забвение» (вокал GUNN)
Oblivion (Orchestral Version)	«Забвение» (Оркестровая версия)
Oblong Xenostellar Stained	ксенозвёздного витража продолговатой формы
Observatorium	«Обсерватория»
Occult Crescent	Оккультного Полумесяца
Occult Omniscience	«Оккультное всеведение»
Occult Paraphernalia	для оккультных принадлежностей
Ochu	очу
Ochu Green	зелёного цвета очу
Octahedrite	октаэдрита
Octomammoth	Октомамонта
Odd	странного вида
Odder Otter Andon	андон с чудной выдрой
Odder Otter Cottage	коттеджа чудной выдры
Odder Otter Dining	чудной выдры для обедов
Odder Otter Hanging Andon	андон с чудной выдрой, подвесной вариант
Odder Otter House	дома чудной выдры
Odder Otter Mansion	особняка чудной выдры
Odder Otter Round Andon	андон с чудной выдрой, круглый вариант
Odder Otter Wall	чудной выдры для стены
Oddly Delicate	необычной тонкости
Oddly Delicate Alembic	необычайно тонкого перегонного куба
Oddly Delicate Cross-pein Hammer	необычайно тонкого поперечного молотка
Oddly Delicate Fishing Reel	необычайно тонкой рыболовной катушки
Oddly Delicate Fishing Rod	необычайно тонкой удочки
Oddly Delicate Frypan	необычайно тонкой сковороды
Oddly Delicate Hammerhead	необычайно тонкой молотоголовой формы
Oddly Delicate Hatchet	необычайно тонкого топора
Oddly Delicate Lapidary Hammer	необычайно тонкого ювелирного молотка
Oddly Delicate Needle	необычайно тонкой иглы
Oddly Delicate Pickaxe	необычайно тонкой кирки
Oddly Delicate Raising Hammer	необычайно тонкого выколоточного молотка
Oddly Delicate Rhea	необычайно тонкого волокна реи
Oddly Delicate Round Knife	необычайно тонкого круглого ножа
Oddly Delicate Saw	необычайно тонкой пилы
Oddly Delicate Shark	необычайно тонкой акулы
Oddly Specific Coerthan Iron	особого кёртасского железа
Oddly Specific Landborne	особой земли
Oddly Specific Leafborne	особой листвы
Oddly Specific Mineral	особого минерального состава
Oddly Specific Moonbeam	особого лунного луча
Oddly Specific Petrified	с особым окаменением
Oddly Specific Primordial	особой первозданной породы
Oddly Specific Striking	особого назначения для высекания искр
Oddly Specific Synthetic	особого синтетического состава
Oddly Specific Undyed Woolen	особого назначения из некрашеной шерсти
Oddweight	необычного веса
Oddweight Azurite	азурита необычного веса
Oddweight Iron	железа необычного веса
Oddweight Tin	олова необычного веса
Odin	Одина
Odorous	с сильным запахом
Odorous Powdered	в порошке с сильным запахом
Odyssey	«Одиссея»
Odyssey-type	типа «Одиссея»
Of Countless Stars	«О бесчисленных звёздах»
Of Glittering Baubles	«О сверкающих безделушках»
Of Glittering Wings	«О сверкающих крыльях»
Official	официального образца
Ogre	огра
Oil	масла
Oiled Bronze	из промасленной бронзы
Oizys Cactoid	кактуара с Оизис
Oizys Exploration	исследования Оизис
Ok' Vundu Vana	«Ок' Вунду Вана»
Okeanis	океаниса
Okuri Chochin	Окури Тётин
Old Father	«Старый отец»
Old Valentione's Day	старого Дня Валентион
Old World	Старого Света
Old World Fig	инжира Старого Света
Old World Striking	Старого Света для тренировок
Old Wounds	«Старые раны»
Old Wounds (Piano Collections)	«Старые раны» (Фортепианные сборники)
Old-growth Camphorwood	старого камфорного дерева
Oldrose	старорозы
Oldrose Wall	старорозы для стены
Olive	оливы
Olive Green	оливково-зелёного цвета
Ollier	Олье
Omega Eye	глаза Омеги
Omega Squared	«Омега в квадрате»
Omega's Iceshard Cliffs	«Омега на Ледяных скалах»
Omega-F	Омеги-Ж
Omega-M	Омеги-М
Omicron Eye	глаза Омикрона
Ominous	зловещего вида
Ominous Prognisticks	«Зловещие предзнаменования»
Ominous Prognisticks (Orchestral Version)	«Зловещие предзнаменования» (Оркестровая версия)
Ominous Prognisticks (Piano Collections)	«Зловещие предзнаменования» (Фортепианные сборники)
On Blade's Edge	«На острие клинка»
On High	«В вышине»
On Our Fates Alight	«На крыльях наших судеб»
On Westerly Winds	«На западных ветрах»
On Westerly Winds (Piano Collections)	«На западных ветрах» (Фортепианные сборники)
On Windy Meadows	«На ветреных лугах»
Paladin's Abyssos	Абиссоса, паладина
Paladin's Adamant	из адаманта, паладина
Paladin's Ageless	вечности, паладина
Paladin's Alexandrian	Александра, паладина
Paladin's Allagan	Аллага, паладина
Paladin's Ascension	вознесения, паладина
Paladin's Asphodelos	Асфоделоса, паладина
Paladin's Babyface Champion's	чемпиона, любимца публики, паладина
Paladin's Baldur	Бальдра, паладина
Paladin's Belah'dian	Беладии, паладина
Paladin's Bluefeather	синего пера, паладина
Paladin's Dark Horse Champion's	чемпиона тёмной лошадки, паладина
Paladin's Darklight	тёмного света, паладина
Paladin's Dead Hive	мёртвого улья, паладина
Paladin's Demon	демона, паладина
Paladin's Diamond	из алмаза, паладина
Paladin's Diamond Zeta	алмаза, версия Дзета, паладина
Paladin's Dreadwyrm	дракона ужаса, паладина
Paladin's Edenchoir	хора Эдема, паладина
Paladin's Edengrace	благодати Эдема, паладина
Paladin's Edenmorn	зари Эдема, паладина
Paladin's Emerald	из изумруда, паладина
Paladin's Endless Expanse	бескрайнего простора, паладина
Paladin's Expanse	простора, паладина
Paladin's Fae	фей, паладина
Paladin's Fiend	изверга, паладина
Paladin's Flamecloaked	пламенного покрова, паладина
Paladin's Genji	Гэндзи, паладина
Paladin's Ghost Barque	корабля-призрака, паладина
Paladin's Gordian	Гордия, паладина
Paladin's Grand Champion's	великого чемпиона, паладина
Paladin's Hades	Аида, паладина
Paladin's High Allagan	высшего Аллага, паладина
Paladin's Hive	улья, паладина
Paladin's Horde	орды, паладина
Paladin's Ice	льда, паладина
Paladin's Imperial	империи, паладина
Paladin's Ktiseos	Ктисиса, паладина
Paladin's Lakeland	Озёрного края, паладина
Paladin's Martial	воинского образца, паладина
Paladin's Midan	Мидаса, паладина
Paladin's Monstrorum	чудовищ, паладина
Paladin's Nabaath	Набаата, паладина
Paladin's Omega	Омеги, паладина
Paladin's Palaka	Палаки, паладина
Paladin's Queensknight	рыцаря королевы, паладина
Paladin's Riversbreath	речного дыхания, паладина
Paladin's Rubellux	рубинового сияния, паладина
Paladin's Ruby	из рубина, паладина
Paladin's Runaway	неуправляемого поезда, паладина
Paladin's Sephirot	Сефирота, паладина
Paladin's Skydeep	Небесной глубины, паладина
Paladin's Skyruin	небесных руин, паладина
Paladin's Smaragdine	смарагда, паладина
Paladin's Sophic	Софии, паладина
Paladin's Vanguard	авангарда, паладина
Paladin's Voidcast	отливки Пустоты, паладина
Paladin's Voidvessel	сосуда Пустоты, паладина
Paladin's Windswept	дуновения ветра, паладина
Paladin's Zormor	Зормора, паладина
Paladin's Zurvanite	Зурвана, паладина
Ondo	ондо
One Amongst the Weary	«Один среди утомлённых»
One Last Time	«В последний раз»
One Small Step	«Один маленький шаг»
One among Wonders	«Один среди чудес»
Onion Knight	Лукового рыцаря
Onion Prince	Лукового принца
Onokoro	из Онокоро
Onsal Hakair	Онсал Хакайра
Onslaught	«Натиск»
Open	с открытым проёмом
Open-back Belt-leather Harness	из кожаных ремней с открытой спиной
Ophiotauros	офиотавра
Opo-opo	опо-опо
Opo-opo Brown	коричневого цвета опо-опо
Oppressor	«Угнетатель»
Optical	оптики
Oracle of Light	Оракула Света
Oracle's	оракула
Oracular	оракула
Orange	апельсина
Orange Crafters'	ремесленника, оранжевый
Orange Gatherers'	собирателя, оранжевый
Orange Tea	оранжевого чая
Orchard Brown	садового коричневого цвета
Orchestrion	оркестриона
Ordelle	Орделла
Order Yet Undeciphered	«Порядок, ещё не разгаданный»
Order of the Twin Adder	Ордена двойной гадюки
Oriental Orange	восточного стиля с апельсинами
Oriental Pipe	восточного стиля для трубки
Oriental Striking	восточного стиля для тренировок
Oriental Wood	восточного стиля из дерева
Origenics Monitor	из Оридженикса с мониторами
Orn Wild	«Дебри Орн»
Ornamental Leafman	декоративного листовика
Ornamental Shrublet	для призыва декоративного кустика
Orobon	оробона
Oroniri	орониров
Oroshigane	оросиганэ
Orphanage Donation	пожертвования приюту
Orthos Aetherpool	эфирного снаряжения Ортоса
Orthos Angle	Ортоса угловой формы
Orthos Craklaw	для призыва кракло Ортоса
Orthos Display	Ортоса для демонстрации
Oschon	Ошона
Ostensibly Special Timeworn	древнего вида, якобы особая
Ostrakon Deka-hexi	«Остракон Дека-гекси»
Ostrakon Deka-okto	«Остракон Дека-окто»
Ostrakon Hena	«Остракон Хена»
Ostrakon Tria	«Остракон Триа»
Othard Blue	синего цвета Отарда
Othardian	из Отарда
Otis	Отиса
Out of the Labyrinth	«Из лабиринта»
Outer La Noscea	Внешней Ла Носкеа
Outrunner	«Спринтер»
Outsized Crystal	из хрусталя, огромного размера
Outskirts	«Окраины»
Oval	овальной формы
Oval Reading	для чтения, овальной формы
Oven	печи
Over-aspected	с избыточной стихийной насыщенностью
Overseer Kanilokka	надзирателя Канилокки
Oversized Aunt Tii's	большого размера с тётушкой Тии
Oversized Cactuar	большого размера с кактуаром
Oversized Chocobo	большого размера с чокобо
Oversized Festival	большого размера для фестиваля
Oversized Festival Hooded	большого размера для фестиваля, с капюшоном
Oversized Graffiti	большого размера с граффити
Oversized Masha	большого размера с Машей
Oversized Mica	большого размера с Микой
Oversized Moogle	большого размера с муглом
Oversized Narumi	большого размера с Наруми
Oversized Picot	большого размера с Пико
Oversized Plain	большого размера без рисунка
Oversized Plain Hooded	большого размера без рисунка, с капюшоном
Oversized Succubus Hooded	большого размера с суккубом, с капюшоном
Oversized Ulala	большого размера с Улалой
Ovibos	овибоса
Oxblood	цвета бычьей крови
Pa-Paya	«Па-пайя»
Pa-Paya Demastered	«Па-пайя», ретро-версия
Pack Faehound	стайной волшебной гончей
Pack Hellhound	стайной адской гончей
Pactmaker's Arkasodara	создателя договоров аркасодара
Pactmaker's Creasing	создателя договоров для тиснения
Pactmaker's Halfheart	создателя договоров в форме полусердца
Padjali Fan	паджалов веерной формы
Pagos Spring	родников Пагоса
Pahsana Fruit	плода пахсаны
Pain in Pleasure	«Боль в наслаждении»
Painted Eggy	с расписными яйцами
Painted Foothills	«Расписные предгорья»
Painted Foothills (Orchestral Version)	«Расписные предгорья» (Оркестровая версия)
Painted Foothills (Piano Collections)	«Расписные предгорья» (Фортепианные сборники)
Painted Namazu	намадзу с росписью
Painted Skies	«Расписные небеса»
Painting	для рисования
Paissa Cottage	коттеджа пайсы
Paissa House	дома пайсы
Paissa Mansion	особняка пайсы
Paissa Swing	пайсы в виде качелей
Paksa	паксы
Palace of the Dead	Дворца мёртвых
Paladin Mail	для кольчуги паладина
Paladin's Augmented Hades	Гадеса, улучшенный комплект паладина
Paladin's Crimson Lotus	Алого лотоса, паладина
Paladin's Dissector	рассекателя, паладина
Paladin's Divine Light	божественного света, паладина
Paladin's Enhancing	усиления, паладина
Paladin's Forgiven	прощённых, паладина
Paladin's Goddess	богини, паладина
Paladin's Halonic Inquisitor	инквизитора Халоне, паладина
Paladin's Heavens	небес, паладина
Paladin's Levin	молнии, паладина
Paladin's Light	света, паладина
Paladin's Mighty Levin	могучей молнии, паладина
Paladin's Tidal	прилива, паладина
Paladin's Tyrfing	Тюрфинга, паладина
Palaistra	Палестры
Palaka Flat	Палаки плоской формы
Palaka's	Палаки
Palanx Striking	Паланкс для тренировок
Palazzo Diamond Fan	Палаццо, алмазного веера
Paldao	пальдао
Palebloom Kudzu	бледноцветного кудзу
Palladium Texture	из палладия для текстурирования
Panaloaf	панакаравая
Pancake	блинной формы
Panther	для призыва пантеры
Papa Paissa	для призыва папы пайсы
Papalymo & Yda	Папалимо и Иды
Paper	из бумаги
Paperflower	бумагоцвета
Paprika	паприки
Parade Chocobo	для призыва парадного чокобо
Paradise	рая
Paradise Found	«Обретённый рай»
Paragon's	образца совершенства
Paralyzing	паралича
Paramour's	возлюбленного
Parasital Infection Protection Suit	костюма для защиты от паразитов
Pari of Plenty	Пари Изобилия
Parkside	у парковой дорожки
Parsnip	из пастернака
Parting Ways	«Пути расходятся»
Partisan's	приверженца
Partition	для перегородки
Party Composition	«Состав группы»
Party Eggy	с праздничными яйцами
Pastel Blue	пастельно-голубого цвета
Pastel Green	пастельно-зелёного цвета
Pastel Pink	пастельно-розового цвета
Pastel Purple	пастельно-фиолетового цвета
Pastoral Dot	пасторального стиля в горошек
Pastoral Elm	пасторального стиля из вяза
Pastoral Mahogany	пасторального стиля из красного дерева
Pastoral Pleasures	«Пасторальные радости»
Pastoral Yew	пасторального стиля из тиса
Pastry	выпечки
Patchwork	из лоскутов
Patent	с лакировкой
Path of Artifice	«Путь мастерства»
Path of Knowing	«Путь познания»
Pathmaker	«Прокладывающий путь»
Patient Necessity	предметов ухода за больными
Patrician's Wedge	патриция клиновидной формы
Patriot's	патриота
Paved in Solitude	«Проложено в одиночестве»
Paved with Resolve	«Вымощено решимостью»
Pazuzu	Пазузу
Pazuzu's	Пазузу
Pea	из гороха
Peach	персика
Peach Blossom	персикового цвета
Peachpetal	персикового лепестка
Peacock Blue	синего цвета павлина
Peaks	Пиков
Pearl Ginger	жемчужного имбиря
Pearl Roselle	жемчужной розеллы
Pearl Sprout	жемчужной капусты
Pearl White	жемчужно-белого цвета
Peatie	для призыва Пити
Pebble	гальки
Peering Stones	«Наблюдающие камни»
Peerless	бесподобия
Pegasus	для призыва пегаса
Peisteskin Hunting	охотника из кожи пейста
Pel	пел
Pelagic	пелагического происхождения
Pelubill	пелубилла
Pelupelu Cover	покрытия пелупелу
Pendant Lamp	с подвесным светильником
Penitus	«В глубине»
Pennons Aloft	«Поднятые вымпелы»
Penthesilea	Пентесилеи
Penthesilea's	Пентесилеи
Perdurable	вечности
Peregrine	сапсана
Perfect	совершенного качества
Perfumed Eves	«Благоухающие вечера»
Perilla	периллы
Perseus's	Персея
Persistence	«Упорство»
Petal	лепестка
Petalodus	для призыва петалода
Peteinosaur	петейнозавра
Petrified	окаменелой породы
Phaenna	Фаэнны
Phaenna Exploration	исследования Фаэнны
Phaethon	для призыва Фаэтона
Phainoalloy	файносплава
Phainofly	файномушки
Philia	Филии
Philosopher's	философа
Philosopher's Stone	философского камня
Phlegethon	Флегетона
Phoebad	фебада
Phoenix	Феникса
Pickled	в маринаде
Picnic	для пикника
Picnicker's	любителя пикников
Pictomancer	пиктоманта
Piece of Mind	«Частица разума»
Piennolo Tomato	томата пьенноло
Pike	щуки
Pilgrim's Protector	для призыва защитника паломника
Pilgrim's Traverse	Пути паломника
Pilgrimage	«Паломничество»
Pinch of Active	активного действия, щепотка
Pineapple	ананаса
Pink	розового цвета
Pink Onionroot	розового луковичного корня
Pink Shag	розового ворса
Pinky	«Розовый»
Pipe Box	футляра для трубки
Pipin Tarupin	Пипина Тарупина
Piping Hot Pumpkin	из тыквы, с пылу с жару
Pirate's	пирата
Pisaca	писачи
Pixel	пикселя
Pixie Apple	яблока пикси
Pixie Floss	пуха пикси
Pixie Plum	сливы пикси
Pixieberry	ягод пикси
Plaid	в клетку
Plain	без узора
Plain Hooded	без узора, с капюшоном
Plain Long	без узора, длинный вариант
Plain Pajama Eye	для сна без узора
Planetary	планеты
Planetary Glass	планетарного стекла
Planetary Jewel	планетарного самоцвета
Planetary Marble	планетарного мрамора
Planetary Trinket	для планетарных безделушек
Planted Toro	торо с посадками
Planter	для растений
Plasma	плазмы
Platinum Paramour's	возлюбленного из платины
Platinum Triad	Тройной триады, платиновая
Platinum-haloed	с платиновым ореолом
Platoon	взвода
Pleasant Dot	с приятным узором в горошек
Pliable Glass	гибкого стекла
Plum Paper	из бумаги со сливовым узором
Plum Purple	сливово-фиолетового цвета
Plumed	с перьями
Plump	упитанного вида
Plundered Cavalier's	кавалера, трофейный образец
Plundered Leather	из кожи, трофейный образец
Plundered Rope	из верёвки, трофейный образец
Pod 602	пода 602
Poison	яда
Poison Ivy	«Ядовитый плющ»
Poison Ward	защиты от яда
Poisoning	отравления
Polar Bear	для призыва белого медведя
Polarized	с поляризацией
Polarized Drone	дрона с поляризацией
Polished Slate	из полированного сланца
Pom from the Heavens	«Помпон с небес»
Pomegranate	граната
Popoto	попото
Porcelain	из фарфора
Pork	из свинины
Poroggo	порогго
Porous	пористой структуры
Porta Praetoria	«Порта Претория»
Portaled	с порталом
Portly Porxie	для призыва пухлого поркси
Porxie	поркси
Porxie King	для призыва короля поркси
Possessed by Disease	«Во власти болезни»
Postmoogle	мугла-почтальона
Pot of Cream	со сливочным рагу
Potable Survey	исследовательского назначения, пригодная для питья
Potent	усиленного действия
Potent Blinding	усиленного ослепления
Potent Paralyzing	усиленного паралича
Potent Poisoning	усиленного отравления
Potent Silencing	усиленного безмолвия
Potent Sleeping	усиленного сна
Potent Spiritbond	усиленного духовного связывания
Potentially Body-enhancing	для возможного усиления тела
Potentially Special Timeworn	древнего вида, возможно особая
Potion	для зелий
Potted Dragon	драцены в горшке
Potted Orange	апельсина в горшке
Potter's	гончара
Potters	для гончарного дела
Powdered	в порошке
Powdered Merman	морского человека, в порошке
Powersuit	силового костюма
Prayers Repeated	«Повторяемые молитвы»
Pre-imperial Garlean	Гарлемальда доимперской эпохи
Precious	высокой ценности
Precipitous Combat	«Стремительный бой»
Precision	высокой точности
Precision Gordian	Гордиаса высокой точности
Precision Machina Replacement	точного механизма, запасная
Prelude - Long March Home	«Прелюдия — долгий путь домой»
Prelude – Discoveries	«Прелюдия — открытия»
Pressing Darkness	наступающей тьмы
Pressure (No. 1)	«Давление» (№ 1)
Pressure-resistant	с защитой от давления
Presumably Special Timeworn	древнего вида, предположительно особая
Prickly Pear	опунции
Prickly Pineapple	колючего ананаса
Prim Dot	со строгим узором в горошек
Prim Valentione Acacia	строгого стиля Валентион, акация
Prim Valentione Forget-me-not	строгого стиля Валентион, незабудка
Prim Valentione Rose	строгого стиля Валентион, роза
Primal Accessories of Aiming	с аксессуарами прималов для прицеливания
Primal Accessories of Casting	с аксессуарами прималов для заклинаний
Primal Accessories of Fending	с аксессуарами прималов для защиты
Primal Accessories of Healing	с аксессуарами прималов для исцеления
Primal Accessories of Slaying	с аксессуарами прималов для уничтожения
Primal Angel	«Первозданный ангел»
Primal Judgment	«Суд примала»
Primal Judgment - De Novo (Back in the Ring)	«Суд примала — заново» (Снова на ринге)
Prime Fossilized Dragon's	дракона, первоклассная окаменелость
Prime Kukuru	первоклассного кукуру
Primogenitor	«Прародитель»
Princess	принцессы
Princess's Peach	принцессы с персиковыми цветами
Printing	для печати
Prishe of the Distant Chains	Приш Далёких цепей
Prism Lake	«Призменное озеро»
Pristine Archon	Архона, первозданное
Pristine Egg	первозданного яйца
Pristine Fruit Figurine	нетронутой фруктовой фигурки
Pristine Ice	чистого льда
Pristine Water	чистой воды
Processed Inorganic	обработанного неорганического состава
Procoptodon	прокоптодона
Progenitrix	Прародительницы
Prologue	«Пролог»
Promathia	Проматии
Prometheus	Прометея
Promises	«Обещания»
Promises to Keep	«Обещания, которые нужно сдержать»
Promises to Keep (Till Dawn My Tears Flow)	«Обещания, которые нужно сдержать» (До рассвета льются мои слёзы)
Promising	многообещающего качества
Proof of a Hero - Monster Hunter: World Version	«Доказательство героизма», версия Monster Hunter: World
Propulsion Engine	двигателя тяги
Prospero	Просперо
Protagonist's Theme	«Тема главного героя»
Protean	изменчивости
Proto Armor	протоброни
Proto-Carbuncle	протокарбункула
Provenance	«Истоки»
Provenance Watcher	Стража истоков
Pteranodon	птеранодона
Pterodactyl	птеродактиля
Pteroskin	из кожи птеродактиля
PuPu	ПуПу
Pudding Throw	в виде пудинга
Pugilist's	борца
Puk	пука
Pulper of Inquiry	«Измельчитель исследований»
Pulverized Giant	гигантского размера, измельчённый
Pumpkin Orange	тыквенно-оранжевого цвета
Punching	для ударов кулаками
Punutiy	для призыва пунутия
Punutiy Crossing	«Переправа пунутиев»
Pupil's Leather	ученика из кожи
Puppet's	куклы
Pure Green	чистого зелёного цвета
Pure Heart	чистого сердца
Pure Titanium	чистого титана
Pure White	чистого белого цвета
Purified Jewel	очищенного самоцвета
Purified Planetary	планетарного происхождения, очищенная
Purple	фиолетового цвета
Purple Carrot	фиолетовой моркови
Purple Corvosi	Корвоса фиолетового цвета
Purple Crafters'	ремесленника, фиолетовый
Purple Gatherers'	собирателя, фиолетовый
Purple Sagolii	Саголии фиолетового цвета
Purple Tea	фиолетового чая
Purpure	из Пурпуре
Purusa	пуруши
Purussaurus	пурусзавра
Pyaayehe'pya	«Пьяайехе'пья»
Pyros Harp	Пироса в виде арфы
Qeziigural	для призыва Кезиигурала
Qiqirn	кикирна
Qiqirn Brown	коричневого цвета кикирна
Qiqirn Meateater	кикирна-мясоеда
Qitari	китари
Qitian Dasheng	Цитянь Дашэна
Quaintrelle's Ruffled	щеголихи с оборками
Quaqua	для призыва Куакуа
Quarantine Block	«Карантинный блок»
Quarrymill	«Каменоломня»
Queen Eternal	Вечной королевы
Queen's Guard	королевской гвардии
Queen's Knight	королевского рыцаря
Queensknight Compound	королевского рыцаря, составной
Queensknight Flat	королевского рыцаря, плоская
Quicksand	«Зыбучие пески»
Quicksilver	ртути
Quintus van Cinna	Квинта ван Цинны
Ra'Kaznar Spriggan	из ра'казнарского сплава с спригганом
Rabanastran	Рабанастра
Race	для скачек
Racing Chocobo	скакового чокобо
Radiance	«Сияние»
Radiant	сияния
Radiant Cry of Life	«Сияющий зов жизни»
Radio Equipment	радиооборудования
Radz-at-Han	Радз-ат-Хана
Radz-at-Han Quenching	Радз-ат-Хана для закалки
Rafflesia	раффлезии
Ragnarok	«Рагнарёк»
Rail Grindstone	рельсового точильного станка
Rail-and-stile	с рамой из перекладин и стоек
Railroad Repair	для ремонта железной дороги
Railroad Repair Kit	набора для ремонта железной дороги
Rainbow Bridge	«Радужный мост»
Rainbow Copycube	радужного копикуба
Rainbow Hopping	для игры в радужные классики
Rainbow Tea	радужного чая
Raindrop	дождевой капли
Raisin Brown	изюмно-коричневого цвета
Rak'tika	из Рак'тики
Rak'tika Greatwood	Великого леса Рак'тики
Rakuza District	«Район Ракуза»
Ram	барана
Rampart	Бастиона
Ramuh	Рамуха
Ran'jit	Ран'джита
Rank VIII Artisan's Durable Practice	ремесленника VIII ранга для тренировок, прочные
Rank VIII Artisan's Fragile Practice	ремесленника VIII ранга для тренировок, хрупкие
Ranperre	Ранперра
Rapid-fab Vacuum Suit	быстросборного скафандра
Raptor Blue	синего цвета раптора
Raptorskin Artisan's	ремесленника из кожи раптора
Raptorskin Smithy's	кузнеца из кожи раптора
Raptorskin Survival	для выживания из кожи раптора
Raptorskin Voyager's	путешественника из кожи раптора
Rare Gold Artichoke	редкого золотого артишока
Rasa	расы
Rasho	Рашо
Rat	крысы
Ratanhia	ратании
Rathalos	Раталоса
Rathefrost	«Морозная низина»
Raubahn & Pipin	Раубана и Пипина
Raubahn Aldynn	Раубана Альдинна
Raubahn's Push	«Наступление Раубана»
Ravager's Armor	с доспехами разорителя
Ravana	Раваны
Ravel Keeper's Paladin	паладина, хранителя Равеля
Ravens	«Вороны»
Raw	без обработки
Raw Brewing Vat	исходного сырья для пивоваренного чана
Raw Cloud Pearl	исходного сырья для облачного жемчуга
Raw Cold-weather Gear	исходного сырья для зимнего снаряжения
Raw Dark	тёмного цвета, без обработки
Raw Fermenting	исходного сырья для брожения
Raw Harpoon	исходного сырья для гарпуна
Raw Ishgardian	исходного сырья из Ишгарда
Raw Log Half	из необработанных брёвен, половинной высоты
Raw Medicinal	исходного сырья для лекарств
Raw Rutilated	рутилового состава, без обработки
Raw Star	звёздного вида, без обработки
Raw Steppe Cookware	исходного сырья для степной кухонной утвари
Raw Sui-no-Sato Special	особого исходного сырья Суй-но-Сато
Raw Tavern Furnishing	исходного сырья для обстановки таверны
Raya-O-Senna & A-Ruhn-Senna	Райи-О-Сенны и А-Руна-Сенны
Rays of Devotion	«Лучи преданности»
Reading	для чтения
Ready-to-eat Grilled	готового к употреблению, приготовленного на гриле
Reaper	жнеца
Rebel	бунтаря
Recollection	«Воспоминание»
Recollection Sword	для меча воспоминаний
Recombination Labs	«Лаборатории рекомбинации»
Rectangular Voyager	«Путешественник», прямоугольное
Recycled Survey	исследовательского назначения, переработанный
Red Abalathian	Абалатии красного цвета
Red Archon	Архона красного цвета
Red Baron	«Красный барон»
Red Bombard	красной бомбарды
Red Brick	из красного кирпича
Red Copycube	красного копикуба
Red Crafters'	ремесленника, красный
Red Crafters' Scrip	красного сертификата ремесленника
Red Crescent	Красного Полумесяца
Red Gatherers'	собирателя, красный
Red Gatherers' Scrip	красного сертификата собирателя
Red Hare	для призыва Красного Зайца
Red Hot	«Красный жар»
Red Landtrap	красной землеловки
Red Megalocrab	красного мегалокраба
Red Moko	красного моко
Red Moon	Красной луны
Red Mor Dhonan	Мор Доны красного цвета
Red Mycophlox	красного микофлокса
Red O'Ghomoro	О'Гоморо красного цвета
Red Onion	Красного лука
Red Pine Flat	из красной сосны, плоская
Red Rooster Stead	«Ферма Красного петуха»
Red Sands	Красных песков
Red Sky	красного неба
Red Tea	красного чая
Red Tori	красной птицы
Red-feathered Flat	плоской формы с красными перьями
Redbill	Красноклювых
Redolent	ароматной породы
Reed	тростника
Reef	рифа
Refabrication	для повторного изготовления
Refined Experimental Cultivar	экспериментального сорта, очищенный
Refined Stellar Midge	звёздной мошки, очищенная
Reflections	«Отражения»
Reflective Drone	дрона с отражающим покрытием
Regain	восстановления
Regal	царственного стиля
Regal Purple	царственного пурпурного цвета
Regio Urbanissima	«Регио Урбаниссима»
Regolush	реголуша
Regula van Hydrus	Регулы ван Гидруса
Rehabilitation Aid	средств реабилитации
Reindeer Antler	с оленьими рогами
Reinforced Gas	для защиты от газа, усиленная
Reinforced Lumbering	лесоруба, усиленные
Relax and Reflect	«Отдых и размышления»
Relic Restoration	для восстановления реликвий
Remembrance	«Память»
Renaissance	возрождения
Rencounter	«Стычка»
Repair	для ремонта
Replacement Golem	запасной части голема
Repurposed Construction	строительного назначения, приспособленный заново
Researcher's Cosmotized	исследователя, с космическим усилением
Researcher's Relaxation	для отдыха исследователя
Researcher's Relaxation Kit	набора для отдыха исследователя
Residential Sector	«Жилой сектор»
Resilient Sword	для стойкого меча
Resistance Ether	эфира Сопротивления
Resistance Materiel	снаряжения Сопротивления
Resistance Potion	зелий Сопротивления
Resolution	«Решимость»
Resplendent	великолепия
Resplendent Alchemist's Final	алхимика для завершения великолепного инструмента
Resplendent Armorer's Final	бронника для завершения великолепного инструмента
Resplendent Blacksmith's Final	кузнеца для завершения великолепного инструмента
Resplendent Boltfiend's	великолепия одержимого тканями
Resplendent Carpenter's Final	плотника для завершения великолепного инструмента
Resplendent Cauldronfiend's	великолепия одержимого котлами
Resplendent Culinarian's Final	кулинара для завершения великолепного инструмента
Resplendent Fieldfiend's	великолепия одержимого полями
Resplendent Forgefiend's	великолепия одержимого кузней
Resplendent Galleyfiend's	великолепия одержимого кухней
Resplendent Gemfiend's	великолепия одержимого самоцветами
Resplendent Goldsmith's Final	ювелира для завершения великолепного инструмента
Resplendent Hidefiend's	великолепия одержимого кожей
Resplendent Leatherworker's Final	кожевника для завершения великолепного инструмента
Resplendent Millfiend's	великолепия одержимого лесопилкой
Resplendent Minefiend's	великолепия одержимого шахтами
Season Eight Bronze	бронзового ранга, сезон 8
Season Eight Crystal	кристального ранга, сезон 8
Season Eight Diamond	алмазного ранга, сезон 8
Season Eight Endless Conflict	«Бесконечный конфликт», сезон 8
Season Eight Final Conflict	«Последний конфликт», сезон 8
Season Eight Gold	золотого ранга, сезон 8
Season Eight Lone Wolf	«Одинокий волк», сезон 8
Season Eight Platinum	платинового ранга, сезон 8
Season Eight Rising Conflict	«Растущий конфликт», сезон 8
Season Eight Silver	серебряного ранга, сезон 8
Season Eighteen Bronze	бронзового ранга, сезон 18
Season Eighteen Crystal	кристального ранга, сезон 18
Season Eighteen Diamond	алмазного ранга, сезон 18
Season Eighteen Endless Conflict	«Бесконечный конфликт», сезон 18
Season Eighteen Final Conflict	«Последний конфликт», сезон 18
Season Eighteen Gold	золотого ранга, сезон 18
Season Eighteen Lone Wolf	«Одинокий волк», сезон 18
Season Eighteen Omega	ранга Омега, сезон 18
Season Eighteen Platinum	платинового ранга, сезон 18
Season Eighteen Rising Conflict	«Растущий конфликт», сезон 18
Season Eighteen Silver	серебряного ранга, сезон 18
Season Eighteen Ultima	ранга Ультима, сезон 18
Season Eleven Bronze	бронзового ранга, сезон 11
Season Eleven Crystal	кристального ранга, сезон 11
Season Eleven Diamond	алмазного ранга, сезон 11
Season Eleven Endless Conflict	«Бесконечный конфликт», сезон 11
Season Eleven Final Conflict	«Последний конфликт», сезон 11
Season Eleven Gold	золотого ранга, сезон 11
Season Eleven Lone Wolf	«Одинокий волк», сезон 11
Season Eleven Platinum	платинового ранга, сезон 11
Season Eleven Rising Conflict	«Растущий конфликт», сезон 11
Season Eleven Silver	серебряного ранга, сезон 11
Season Fifteen Bronze	бронзового ранга, сезон 15
Season Fifteen Crystal	кристального ранга, сезон 15
Season Fifteen Diamond	алмазного ранга, сезон 15
Season Fifteen Endless Conflict	«Бесконечный конфликт», сезон 15
Season Fifteen Final Conflict	«Последний конфликт», сезон 15
Season Fifteen Gold	золотого ранга, сезон 15
Season Fifteen Lone Wolf	«Одинокий волк», сезон 15
Season Fifteen Platinum	платинового ранга, сезон 15
Season Fifteen Rising Conflict	«Растущий конфликт», сезон 15
Season Fifteen Silver	серебряного ранга, сезон 15
Season Five Bronze	бронзового ранга, сезон 5
Season Five Crystal	кристального ранга, сезон 5
Season Five Diamond	алмазного ранга, сезон 5
Season Five Endless Conflict	«Бесконечный конфликт», сезон 5
Season Five Final Conflict	«Последний конфликт», сезон 5
Season Five Gold	золотого ранга, сезон 5
Season Five Lone Wolf	«Одинокий волк», сезон 5
Season Five Platinum	платинового ранга, сезон 5
Season Five Rising Conflict	«Растущий конфликт», сезон 5
Season Five Silver	серебряного ранга, сезон 5
Season Four Bronze	бронзового ранга, сезон 4
Season Four Crystal	кристального ранга, сезон 4
Season Four Diamond	алмазного ранга, сезон 4
Season Four Endless Conflict	«Бесконечный конфликт», сезон 4
Season Four Final Conflict	«Последний конфликт», сезон 4
Season Four Gold	золотого ранга, сезон 4
Season Four Lone Wolf	«Одинокий волк», сезон 4
Season Four Pack Wolf	«Стайный волк», сезон 4
Season Four Platinum	платинового ранга, сезон 4
Season Four Rising Conflict	«Растущий конфликт», сезон 4
Season Four Silver	серебряного ранга, сезон 4
Season Fourteen Bronze	бронзового ранга, сезон 14
Season Fourteen Crystal	кристального ранга, сезон 14
Season Fourteen Diamond	алмазного ранга, сезон 14
Season Fourteen Endless Conflict	«Бесконечный конфликт», сезон 14
Season Fourteen Final Conflict	«Последний конфликт», сезон 14
Season Fourteen Gold	золотого ранга, сезон 14
Season Fourteen Lone Wolf	«Одинокий волк», сезон 14
Season Fourteen Platinum	платинового ранга, сезон 14
Season Fourteen Rising Conflict	«Растущий конфликт», сезон 14
Season Fourteen Silver	серебряного ранга, сезон 14
Season Nine Bronze	бронзового ранга, сезон 9
Season Nine Crystal	кристального ранга, сезон 9
Season Nine Diamond	алмазного ранга, сезон 9
Season Nine Endless Conflict	«Бесконечный конфликт», сезон 9
Season Nine Final Conflict	«Последний конфликт», сезон 9
Season Nine Gold	золотого ранга, сезон 9
Season Nine Lone Wolf	«Одинокий волк», сезон 9
Season Nine Platinum	платинового ранга, сезон 9
Season Nine Rising Conflict	«Растущий конфликт», сезон 9
Season Nine Silver	серебряного ранга, сезон 9
Season Nineteen Bronze	бронзового ранга, сезон 19
Season Nineteen Crystal	кристального ранга, сезон 19
Season Nineteen Diamond	алмазного ранга, сезон 19
Season Nineteen Endless Conflict	«Бесконечный конфликт», сезон 19
Season Nineteen Final Conflict	«Последний конфликт», сезон 19
Season Nineteen Gold	золотого ранга, сезон 19
Season Nineteen Lone Wolf	«Одинокий волк», сезон 19
Season Nineteen Omega	ранга Омега, сезон 19
Season Nineteen Platinum	платинового ранга, сезон 19
Season Nineteen Rising Conflict	«Растущий конфликт», сезон 19
Season Nineteen Silver	серебряного ранга, сезон 19
Season Nineteen Ultima	ранга Ультима, сезон 19
Season One Endless Conflict	«Бесконечный конфликт», сезон 1
Season One Final Conflict	«Последний конфликт», сезон 1
Season One Lone Wolf	«Одинокий волк», сезон 1
Season One Pack Wolf	«Стайный волк», сезон 1
Season One Rising Conflict	«Растущий конфликт», сезон 1
Season Seven Bronze	бронзового ранга, сезон 7
Season Seven Crystal	кристального ранга, сезон 7
Season Seven Diamond	алмазного ранга, сезон 7
Season Seven Endless Conflict	«Бесконечный конфликт», сезон 7
Season Seven Final Conflict	«Последний конфликт», сезон 7
Season Seven Gold	золотого ранга, сезон 7
Season Seven Lone Wolf	«Одинокий волк», сезон 7
Season Seven Platinum	платинового ранга, сезон 7
Season Seven Rising Conflict	«Растущий конфликт», сезон 7
Season Seven Silver	серебряного ранга, сезон 7
Season Seventeen Bronze	бронзового ранга, сезон 17
Season Seventeen Crystal	кристального ранга, сезон 17
Season Seventeen Diamond	алмазного ранга, сезон 17
Season Seventeen Endless Conflict	«Бесконечный конфликт», сезон 17
Season Seventeen Final Conflict	«Последний конфликт», сезон 17
Season Seventeen Gold	золотого ранга, сезон 17
Season Seventeen Lone Wolf	«Одинокий волк», сезон 17
Season Seventeen Omega	ранга Омега, сезон 17
Season Seventeen Platinum	платинового ранга, сезон 17
Season Seventeen Rising Conflict	«Растущий конфликт», сезон 17
Season Seventeen Silver	серебряного ранга, сезон 17
Season Seventeen Ultima	ранга Ультима, сезон 17
Season Six Bronze	бронзового ранга, сезон 6
Season Six Crystal	кристального ранга, сезон 6
Season Six Diamond	алмазного ранга, сезон 6
Season Six Endless Conflict	«Бесконечный конфликт», сезон 6
Season Six Final Conflict	«Последний конфликт», сезон 6
Season Six Gold	золотого ранга, сезон 6
Season Six Lone Wolf	«Одинокий волк», сезон 6
Season Six Platinum	платинового ранга, сезон 6
Season Six Rising Conflict	«Растущий конфликт», сезон 6
Season Six Silver	серебряного ранга, сезон 6
Season Sixteen Bronze	бронзового ранга, сезон 16
Season Sixteen Crystal	кристального ранга, сезон 16
Season Sixteen Diamond	алмазного ранга, сезон 16
Season Sixteen Endless Conflict	«Бесконечный конфликт», сезон 16
Season Sixteen Final Conflict	«Последний конфликт», сезон 16
Season Sixteen Gold	золотого ранга, сезон 16
Season Sixteen Lone Wolf	«Одинокий волк», сезон 16
Season Sixteen Omega	ранга Омега, сезон 16
Season Sixteen Platinum	платинового ранга, сезон 16
Season Sixteen Rising Conflict	«Растущий конфликт», сезон 16
Season Sixteen Silver	серебряного ранга, сезон 16
Season Sixteen Ultima	ранга Ультима, сезон 16
Season Ten Bronze	бронзового ранга, сезон 10
Season Ten Crystal	кристального ранга, сезон 10
Season Ten Diamond	алмазного ранга, сезон 10
Season Ten Endless Conflict	«Бесконечный конфликт», сезон 10
Season Ten Final Conflict	«Последний конфликт», сезон 10
Season Ten Gold	золотого ранга, сезон 10
Season Ten Lone Wolf	«Одинокий волк», сезон 10
Season Ten Platinum	платинового ранга, сезон 10
Season Ten Rising Conflict	«Растущий конфликт», сезон 10
Season Ten Silver	серебряного ранга, сезон 10
Season Thirteen Bronze	бронзового ранга, сезон 13
Season Thirteen Crystal	кристального ранга, сезон 13
Season Thirteen Diamond	алмазного ранга, сезон 13
Season Thirteen Endless Conflict	«Бесконечный конфликт», сезон 13
Season Thirteen Final Conflict	«Последний конфликт», сезон 13
Season Thirteen Gold	золотого ранга, сезон 13
Season Thirteen Lone Wolf	«Одинокий волк», сезон 13
Season Thirteen Platinum	платинового ранга, сезон 13
Season Thirteen Rising Conflict	«Растущий конфликт», сезон 13
Season Thirteen Silver	серебряного ранга, сезон 13
Season Three Bronze	бронзового ранга, сезон 3
Season Three Crystal	кристального ранга, сезон 3
Season Three Diamond	алмазного ранга, сезон 3
Season Three Endless Conflict	«Бесконечный конфликт», сезон 3
Season Three Final Conflict	«Последний конфликт», сезон 3
Season Three Gold	золотого ранга, сезон 3
Season Three Lone Wolf	«Одинокий волк», сезон 3
Season Three Pack Wolf	«Стайный волк», сезон 3
Season Three Platinum	платинового ранга, сезон 3
Season Three Rising Conflict	«Растущий конфликт», сезон 3
Season Three Silver	серебряного ранга, сезон 3
Season Twelve Bronze	бронзового ранга, сезон 12
Season Twelve Crystal	кристального ранга, сезон 12
Season Twelve Diamond	алмазного ранга, сезон 12
Season Twelve Endless Conflict	«Бесконечный конфликт», сезон 12
Season Twelve Final Conflict	«Последний конфликт», сезон 12
Season Twelve Gold	золотого ранга, сезон 12
Season Twelve Lone Wolf	«Одинокий волк», сезон 12
Season Twelve Platinum	платинового ранга, сезон 12
Season Twelve Rising Conflict	«Растущий конфликт», сезон 12
Season Twelve Silver	серебряного ранга, сезон 12
Season Twenty Bronze	бронзового ранга, сезон 20
Season Twenty Crystal	кристального ранга, сезон 20
Season Twenty Diamond	алмазного ранга, сезон 20
Season Twenty Endless Conflict	«Бесконечный конфликт», сезон 20
Season Twenty Final Conflict	«Последний конфликт», сезон 20
Season Twenty Gold	золотого ранга, сезон 20
Season Twenty Lone Wolf	«Одинокий волк», сезон 20
Season Twenty Omega	ранга Омега, сезон 20
Season Twenty Platinum	платинового ранга, сезон 20
Season Twenty Rising Conflict	«Растущий конфликт», сезон 20
Season Twenty Silver	серебряного ранга, сезон 20
Season Twenty Ultima	ранга Ультима, сезон 20
Season Twenty-one Bronze	бронзового ранга, сезон 21
Season Twenty-one Crystal	кристального ранга, сезон 21
Season Twenty-one Diamond	алмазного ранга, сезон 21
Season Twenty-one Endless Conflict	«Бесконечный конфликт», сезон 21
Season Twenty-one Final Conflict	«Последний конфликт», сезон 21
Season Twenty-one Gold	золотого ранга, сезон 21
Season Twenty-one Omega	ранга Омега, сезон 21
Season Twenty-one Platinum	платинового ранга, сезон 21
Season Twenty-one Rising Conflict	«Растущий конфликт», сезон 21
Season Twenty-one Silver	серебряного ранга, сезон 21
Season Twenty-one Ultima	ранга Ультима, сезон 21
Season Two Bronze	бронзового ранга, сезон 2
Season Two Crystal	кристального ранга, сезон 2
Season Two Diamond	алмазного ранга, сезон 2
Season Two Endless Conflict	«Бесконечный конфликт», сезон 2
Season Two Final Conflict	«Последний конфликт», сезон 2
Season Two Gold	золотого ранга, сезон 2
Season Two Lone Wolf	«Одинокий волк», сезон 2
Season Two Pack Wolf	«Стайный волк», сезон 2
Season Two Platinum	платинового ранга, сезон 2
Season Two Rising Conflict	«Растущий конфликт», сезон 2
Season Two Silver	серебряного ранга, сезон 2
Resplendent Quarter	«Великолепный квартал»
Resplendent Tacklefiend's	великолепия одержимого рыболовными снастями
Resplendent Weaver's Final	ткача для завершения великолепного инструмента
Restaurant-grade	ресторанного качества
Restored Voyagers'	путешественников, восстановленный образец
Retainer	слуги
Retribution	возмездия
Return of the Hero	«Возвращение героя»
Return to Oblivion	«Возвращение в забвение»
Return to Oblivion (Pulse 2)	«Возвращение в забвение» (Пульс 2)
Return to Oblivion (Scions & Sinners: Amanda Achen Vocals)	«Возвращение в забвение» (Наследники и грешники: вокал Аманды Эйчен)
Return to Oblivion (Scions & Sinners: Band)	«Возвращение в забвение» (Наследники и грешники: группа)
Reunion	«Воссоединение»
Revel	пиршества
Revelation	«Откровение»
Reveler's	пирующего
Revenge Twofold	«Двойная месть»
Revenge Twofold (Orchestral Version)	«Двойная месть» (Оркестровая версия)
Revenge of the Horde	«Месть орды»
Revised Engineering	инженерного дела, исправленное издание
Revised Survival	выживания, исправленное издание
Revolutions	«Революции»
Rey Dau's Windward Plains	«Рей Дау на Наветренных равнинах»
Rhalgr	Ралгра
Rhalgr's	Ралгра
Rhea	реи
Rhitahtyn sas Arvina	Ритатина сас Арвины
Rhiyes	«Рийес»
Rhoswen	Росвен
Rhotano	Ротано
Rhotano Blue	синего цвета Ротано
Rhythm of the Realm	«Ритм мира»
Ribbon	ленты
Ribboned	с лентами
Rice Ball	рисового шарика
Ride the Rhythm	«Оседлай ритм»
Ride the Rhythm (Dark Decades)	«Оседлай ритм» (Тёмные десятилетия)
Rigging	такелажа
Rimless	без оправы
Ring	для кольца
Ripped	с разрывами
Ripped Chef's	повара с разрывами
Ripples in the Sea	«Рябь на море»
Riptide	«Отбойное течение»
Rise	«Восстань»
Rise (Pulse)	«Восстань» (Пульс)
Rise (The Primals)	«Восстань» (The Primals)
Rise of Heroes (Chiptune Version)	«Возвышение героев» (Чиптюн-версия)
Rise of the White Raven	«Восход белого ворона»
Rise of the White Raven (Orchestral Version)	«Восход белого ворона» (Оркестровая версия)
Rising Conflict	«Растущий конфликт»
Rising MMXXIII	Возрождения MMXXIII
Rising Phoenix	для призыва восстающего феникса
Rising Table	Возрождения, настольная
Ritter	рыцаря
Ritual	для ритуалов
Ritual Implement	ритуальных принадлежностей
Rival Wings	«Соперничающие крылья»
Rivet	заклёпки
Riviera Arched	ривьеры с аркой
Riviera Bay	ривьеры в эркере
Riviera Canopy	ривьеры с балдахином
Riviera Dining	ривьеры для обедов
Riviera Flora	ривьеры с цветочным узором
Riviera Fringed	ривьеры с бахромой
Riviera Garden	ривьеры для сада
Riviera Half	ривьеры, половинная высота
Riviera Oblong	ривьеры продолговатой формы
Riviera Ornate	ривьеры с украшениями
Riviera Oval	ривьеры овальной формы
Riviera Picket	ривьеры из штакетника
Riviera Roofed	ривьеры с крышей
Riviera Rounded	ривьеры округлой формы
Riviera Stone	ривьеры из камня
Riviera Striking	ривьеры для тренировок
Riviera Studded	ривьеры с заклёпками
Riviera Table	ривьеры для стола
Riviera Wall	ривьеры для стены
Riviera Wooden	ривьеры из дерева
Roader	«Дорожник»
Roads Forsaken	«Забытые дороги»
Roar of the Wyrm	«Рёв дракона»
Roasted Coffee	обжаренного кофе
Robber	разбойника
Robe Lettuce	салата-мантии
Rock	каменной породы
Rock-fisted Popoto	каменнокулачного попото
Rocket Punch	«Ракетный кулак»
Rofocale	Рофокаля
Rogue's	разбойника
Rolanberry	роланской ягоды
Rolanberry Red	красного цвета роланской ягоды
Rolanberry Valentione	Валентион с роланскими ягодами
Roland	Роланда
Rolling	перекатывания
Rolling Tankard	Катящейся кружки
Rolling Tankard Ignition	зажигания Катящейся кружки
Ronfaure	«Ронфор»
Ronkan Rocking	Ронки, качалка
Rooibos	ройбуша
Rookery	«Гнездовье»
Rorrlo Teh	Роррло Те
Rose	розы
Rose Garnet	розового граната
Rose Gold Shposhae	Шпошае из розового золота
Rose Lanner	для призыва розового ланнера
Rose Pink	цвета розы
Rose-colored	с розовыми стёклами
Rosebud	бутона розы
Roses of May (Dawntrail)	«Розы мая» (Тропа рассвета)
Roses of May (Till Dawn My Tears Flow)	«Розы мая» (До рассвета льются мои слёзы)
Rostra	«Ростра»
Rothlyt	из Ротлита
Rotting	с признаками гниения
Rotting Goobbue	гниющего гоббу
Rough Stone	из грубого камня
Round Banquet	для банкета, круглый
Round Chestnut	из каштана, круглый
Round Lanner	для призыва ланнера Круглого стола
Round Oak	из дуба, круглый
Round Table	Круглого стола
Round Voyager	«Путешественник», круглое
Round Xenostellar Stained	ксенозвёздного витража круглой формы
Roundrox	Раундрокс
Rousing	для пробуждения
Rover Packing	для упаковки ровера
Rover Repair	для ремонта ровера
Rowena's	Ровены
Royal Blue	королевского синего цвета
Royal Celestial	королевских небес
Royal Dowager	вдовствующей королевы
Royal Kitchens	королевской кухни
Royal Kukuru	королевского кукуру
Royal Leather	королевского стиля из кожи
Royal Magicked	королевского стиля с чарами
Royal Maple	королевского клёна
Royal Menagerie	«Королевский зверинец»
Royal Plotting	королевского стиля для планирования
Royal Promenade	«Королевская аллея»
Royal Volunteer's Heavy	королевского добровольца, тяжёлые
Rubellite Carbuncle	для призыва рубеллитового карбункула
Rubicante	Рубиканте
Ruby Red	рубиново-красного цвета
Ruby Sea	Рубинового моря
Ruby Tide Paladin's	паладина Рубинового прилива
Ruby Weapon	Рубинового Оружия
Ruby-spotted	с рубиновыми пятнами
Ruins of Sil'dih	«Руины Силь'ди»
Rukhkh	Рукк
Run! (Endwalker)	«Беги!» (Странник конца)
Runar	Рунара
Runaway Flat	неуправляемого поезда, плоская
Runaway Train	«Неуправляемый поезд»
Rush	ситника
Russet Brown	красновато-коричневого цвета
Rust Red	ржаво-красного цвета
Rust-resistant Metal	нержавеющего металла
Rustic Chocobo	деревенского стиля с чокобо
Rustic Log	деревенского стиля из брёвен
Rusting	со следами ржавчины
Rusty	со ржавчиной
Ruthenium-barreled	с рутениевым стволом
Rutilated	с рутиловыми включениями
Ruveydah Fibers	«Волокна Рувейды»
Ruveydah Fibers Rooftop Garden	«Сад на крыше Волокон Рувейды»
Ryne	Рин
Ryoqor Terteh	Рёкор Терте
SDS Fenrir	Фенрира SDS
Sabertooth	саблезубого вида
Sable Death	чёрной смерти
Sabotender	саботендера
Sabotender Emperador	для призыва Саботендера-императора
Sabotender de la Luna	для призыва Лунного саботендера
Sacred Bonds	«Священные узы»
Sacred Spring	священного источника
Sadu	Саду
Safari	для сафари
Safeguard System	охранной системы
Safety in Numbers	«Безопасность в численности»
Saffron	шафранового цвета
Sage	мудреца
Sage's Cataract	«Водопад мудреца»
Sagolii Desert	«Пустыня Саголии»
Sahagin	сахагина
Sahagin Landbase	«Наземная база сахагинов»
Sahagin Living	сахагинов с живым светом
Saiga	сайги
Sailor Deck	матроса для палубы
Saint Mocianne's Arboretum	«Дендрарий святой Мосианны»
Saint's	святого
Saintly	святости
Sakazuki	«Сакадзуки»
Salmon Pink	лососево-розового цвета
Salon Server's Dress	работника салона для торжеств
Salt	соли
Salt Strand	«Соляной берег»
Salt-like	подобного соли вида
Salted Thavnairian	Тавнаира, засоленная
Saltswept	«Овеянные солью»
Saltwater	морской воды
Salvaged Stone	восстановленного камня
Sample	пробного образца
Sample Silver	из серебра, пробный образец
Sanctified	освящения
Sanctum of the Twelve	«Святилище Двенадцати»
Sand	песка
Sandglass	песочных часов
Sands of Amber	«Янтарные пески»
Sands of Blood	«Кровавые пески»
Sandwich	с сэндвичами
Sandworm	песчаного червя
Sanguine	крови
Sanguine Horn	из кровавого рога
Sanuwa	для призыва санувы
Sapphire Weapon	Сапфирового Оружия
Sarcenet Trapper's	охотника из сарсенета
Sarcenet Work	из сарсенета, рабочий вариант
Sarutabaruta	«Сарутабарута»
Sassho-seki	Сэссё-сэки
Savage Gordian	Гордиаса, жестокий вариант
Savage of the Ancient Forest	«Хищник Древнего леса»
Savant's Top	учёного, цилиндр
Scaevan Accessories of Aiming	с аксессуарами Сцевы для прицеливания
Scaevan Accessories of Casting	с аксессуарами Сцевы для заклинаний
Scaevan Accessories of Fending	с аксессуарами Сцевы для защиты
Scaevan Accessories of Healing	с аксессуарами Сцевы для исцеления
Scaevan Accessories of Slaying	с аксессуарами Сцевы для уничтожения
Scalekin	чешуйчатых
Scallop	морского гребешка
Scarface Bugaal Ja	Бугаал Джа Шрамоликого
Scarlet Moko Wedge	из алого моко, клиновидной формы
Scarmiglione	Скармильоне
Scarred	со следами повреждений
Scathach	Скатах
Schism	«Раскол»
Scholar	учёного
Scholar's Harbor	«Гавань учёного»
School	школьного назначения
School Supply	школьных принадлежностей
Scion Healer's	целительницы Наследников
Scion Sorceress's High	волшебницы Наследников, высокие
Scion Striker's	бойца Наследников
Scion Thief's Armored	вора Наследников, бронированные
Scorpion	скорпиона
Scream	«Крик»
Scream (Forge Ahead)	«Крик» (Двигаться вперёд)
Scroll	для свитков
Scuffed Manderville	Мандервилля, потёртые
Scuroglow	тёмного свечения
Sea Breeze Summer	летнего морского бриза
Sea Of Clouds	Моря облаков
Sea Swallow	морской ласточки
Sea of Clouds	Моря облаков
Seabed Ceiling	морского дна, потолочная
Seaborne	морского происхождения
Seafade	с морским градиентом
Seafog Blue	голубого цвета морского тумана
Seafood	из морепродуктов
Seagrot	морского грота
Seal Rock	Тюленьей скалы
Sealed Away (Dawntrail)	«Запечатанный» (Тропа рассвета)
Seasong Grotto	«Грот морской песни»
Second Ode: Distant Promises	«Вторая ода: далёкие обещания»
See No	«Не вижу»
Seedbed	«Рассадник»
Seeker of Solitude	Искателя уединения
Seeking Purpose	«В поисках смысла»
Seemingly Special Timeworn	древнего вида, на вид особая
Seer's	провидца
Seikret	для призыва сейкрета
Seiryu's Bladed	Сэйрю с клинками
Seiryu's Paladin	паладина Сэйрю
Seiryu's Rippled	Сэйрю с волнистым клинком
Seiryu's Sanctified Paladin	паладина Сэйрю, освящённый комплект
Sekiseigumi Barracks	«Казармы Сэкисэйгуми»
Select Bait	отборной наживки
Select Bismuth	отборного висмута
Select Blue	синего цвета, отборный
Select Brashgold	отборного дерзкого золота
Select Chalicotherium	отборного халикотерия
Select Cobalt	отборного кобальта
Select Crystal	отборного хрусталя
Select Dark Chestnut	отборного тёмного каштана
Select Duraluminum	отборного дюралюминия
Select Duskcourt	отборного сумеречного двора
Select Green Glider	отборного зелёного планера
Select Hoptrap	отборной хмелеловки
Select Ironwood	отборного железного дерева
Select Manganese	отборного марганца
Select Scarlet Moko	отборного алого моко
Select Smilodon	отборного смилодона
Select Squid	отборного кальмара
Select Titanium	отборного титана
Select Waterproof	отборного водонепроницаемого состава
Selenium	селена
Senaculum Imperialis	«Сенакулум Империалис»
Senbei	сэнбэя
Seneschal's	сенешаля
Senor Sabotender's Bushido	сеньора Саботендера, бусидо
Senor Sabotender's Spiked	сеньора Саботендера с шипами
Sentry R8	часового R8
Sephirotic	Сефирота
Seraph	серафима
Serenity	«Безмятежность»
Serenity (Orchestral Version)	«Безмятежность» (Оркестровая версия)
Serenity (Piano Collections)	«Безмятежность» (Фортепианные сборники)
Serenity Unending: A Bygone Medley (Orchestral Version)	«Нескончаемая безмятежность: попурри былых времён» (Оркестровая версия)
Serge Knit	из вязаной саржи
Serpent Storage	Ордена двойной гадюки, с ящиком
Serpent Warsteed	для призыва боевого коня Ордена двойной гадюки
Serpentbringer's	несущего змею
Serpentcarrier's	змееносца
Serpentskin Bush	из змеиной кожи для зарослей
Serpentskin Fringe	из змеиной кожи с бахромой
Serpentskin Hunting	охотника из змеиной кожи
Serpentskin Voyager's	путешественника из змеиной кожи
Serrated	зазубренной формы
Sesame	кунжута
Seven Flames	«Семь языков пламени»
Seven Hundred Seventy-Seven Whiskers	«Семьсот семьдесят семь усов»
Sewing	для шитья
Shade	тени
Shaded	с затемнением
Shades of Grief	«Оттенки скорби»
Shadow Blue	теневого синего цвета
Shadow Lord	Владыки теней
Shadow Wolf	для призыва теневого волка
Shadow of the Body	«Тень тела»
Shadowbringers	«Несущие тень»
Shadowbringers (Dark Decades)	«Несущие тень» (Тёмные десятилетия)
Shadowbringers (Orchestral Version)	«Несущие тень» (Оркестровая версия)
Shadowbringers (Scions & Sinners: Band)	«Несущие тень» (Наследники и грешники: группа)
Shadowbringers Thancred	Танкреда, Несущие тень
Shadowbringers Urianger	Урианже, Несущие тень
Shadowbringers Warrior of Light	Воина Света, Несущие тень
Shadowbringers Y'shtola	И'штолы, Несущие тень
Shadowcaster Zeless Gah	заклинателя теней Зелесса Га
Shadows Withal	«И всё же тени»
Shadows Withal (Scions & Sinners: Piano)	«И всё же тени» (Наследники и грешники: фортепиано)
Shagcoat Cat	для призыва лохматого кота
Shale Brown	сланцево-коричневого цвета
Shall	дозволения
Shallnot	запрета
Shallows	мелководья
Shantotto	Шантотто
Shantotto the Demon	Шантотто-демона
Shantotto's	Шантотто
Shark	акулы
Shark Fin	из акульих плавников
Shark-class	класса «Акула»
Shark-class Bow	носовой части класса «Акула»
Shark-class Bridge	мостика класса «Акула»
Shark-class Pressure	класса «Акула», прочный
Shark-class Pressure Hull	прочного корпуса класса «Акула»
Shark-class Stern	кормы класса «Акула»
Sharknose	акульего носа
Sharlayan Aether	эфира Шарлаяна
Sharlayan Agora	Шарлаянской агоры
Sharlayan Hamlet	«Шарлаянская деревушка»
Sharlayan Prodigy's	шарлаянского вундеркинда
Sharlayan Rock	каменной породы Шарлаяна
Sharlayan Stoa	Шарлаянской стои
Sharpened Adamantite	из адамантита, заострённое
Sharpened Sultan's	султана, заострённый вариант
Shattered	«Разбитый»
Shattered Back	«Сломанная спина»
Shearing Machine	стригальной машины
Sheep	овцы
Sheep Equipment	снаряжения для овец
Sheepskin Shepherd's	пастуха из овечьей кожи
Shell	панциря
Shellfracture	расколотого панциря
Shelter	«Укрытие»
Shelving	стеллажей
Shimmering	мерцания
Shined Copper	сияющей меди
Shinobi	синоби
Shinryu (Vana'diel)	Синрю из Вана'диэля
Shinryu's Ephemeral Paladin	паладина Синрю, эфемерный комплект
Shinryu's Paladin	паладина Синрю
Shiokaze Hostelry	«Постоялый двор Сиокадзэ»
Ship Graveyard	«Кладбище кораблей»
Shire Conservator's Accessories	с аксессуарами хранителя Шира
Shire Custodian's Accessories	с аксессуарами стража Шира
Shire Pankratiast's Accessories	с аксессуарами панкратиаста Шира
Shire Philosopher's Accessories	с аксессуарами философа Шира
Shire Preceptor's Accessories	с аксессуарами наставника Шира
Shirogane	Сироганэ
Shirt Display	для демонстрации рубашек
Shishio	Сисио
Shishioji	для призыва Сисиодзи
Shishu	Сисю
Shishu Bujin	воина Сисю
Shishu Gozen	госпожи Сисю
Shisui of The Violet Tides	«Сисуй Фиолетовых приливов»
Shiva	Шивы
Shoal Rock	«Скала на отмели»
Shocking	для электрического разряда
Shoe	для обуви
Shogun's	сёгуна
Short Pillar	с короткими колоннами
Shortsword	для короткого меча
Shoryu	восходящего дракона
Shovelnose	лопатоноса
Shower	для душа
Shrimp	креветки
Shroud Tea	чая Покрова
Shroud of the Samgha	«Покров Самгхи»
Shucked	без раковины
Shuffle or Boogie	«Шафл или буги»
Shuffle or Boogie (Shadowbringers)	«Шафл или буги» (Несущие тень)
Sideritis	железницы
Siegfried	Зигфрида
Signature Buuz Cookware	фирменной утвари для бууз
Significance (Nothing)	«Значимость» (Ничто)
Sil'dih Survey	исследования Силь'ди
Sil'dihn Kitchen	Силь'ди для кухни
Sil'dihn Side	Силь'ди, приставной
Silence	«Тишина»
Silence Ward	защиты от безмолвия
Silencing	безмолвия
Silent	тишины
Silent Scream	«Беззвучный крик»
Silver Archon	Архона серебряного цвета
Silver Bazaar	«Серебряный базар»
Silver Beech	серебристого бука
Silver Castrum	Каструма из серебра
Silver Chocobo	серебряного чокобо
Silver Decorative	декоративного вида, серебряное
Silver Durai Memorial	мемориала Дюраи, серебряная
Silver Lobo	серебряного лобо
Silver Natalan	Наталана из серебра
Silver Rowena Cup Classic	классического кубка Ровены, серебряная
Silver Shposhae	Шпошае из серебра
Silver Snake	серебряной змеи
Silver Spinner's Pull	«Нити Пряхи», серебряная
Silver Tears	«Серебряные слёзы»
Silver Tetsuji Usagi	серебряного железного зайца
Silver Tora	серебряного тигра
Silver Tournament of Champions	турнира чемпионов, серебряная
Silver Triad	Тройной триады, серебряная
Silver U'Ghamaro	У'Гамаро из серебра
Silver Usagi	серебряного зайца
Silver Wolf	Серебряного волка
Silver Zahar'ak	Захар'ака из серебра
Silver-haloed	с серебряным ореолом
Silver-tinged	с серебристым оттенком
Silver-trimmed	с серебряной отделкой
Silverglass	серебростекла
Simple	простого вида
Simple Arched	простого вида с аркой
Simple Hingan	Хингаси, простая
Simple Lime	простой, лаймового цвета
Simple Low	простой, низкий
Simple Pale Blue	простой, бледно-голубой
Simple Pale Teal	простой, бледно-бирюзовый
Simple Pale Yellow	простой, бледно-жёлтый
Simple Peach	простой, персиковый
Simple Pink	простой, розовый
Simple Violet	простой, фиолетовый
Simple Yellow	простой, жёлтый
Singed Manderville	Мандервилля, опалённые
Singing	пения
Singing Shards Watercolor	«Поющие осколки», акварель
Singular	необычного вида
Sinister	«Зловещий»
Sinister (Back in the Ring)	«Зловещий» (Снова на ринге)
Sins of the Father, Sins of the Son	«Грехи отца, грехи сына»
Sintered	спечённого состава
Siren	Сирены
Siren Song	«Песня сирены»
Six Fulms Under	«На глубине шести фулмов»
Skipping	для пускания блинчиков
Skull	с черепом
Skullduggery	«Козни»
Sky	небес
Sky Blue	небесно-голубого цвета
Sky Unsundered	«Нерасколотое небо»
Skybound Emerald	«Изумруд, устремлённый в небо»
Skybuilders' Ala Mhigan Rock	каменной породы Ала Миго для небесных строителей
Skybuilders' Crosscut	небесных строителей, поперечная
Skybuilders' Dravanian Spring	родников Дравании для небесных строителей
Skybuilders' Fine	мелкой фракции для небесных строителей
Skybuilders' Highland Spring	горных родников для небесных строителей
Skybuilders' Plant	растительного происхождения для небесных строителей
Skybuilders' Reef	рифа для небесных строителей
Skybuilders' Rock	каменной породы для небесных строителей
Skybuilders' Ruby Sea	Рубинового моря для небесных строителей
Skybuilders' Tea	чая для небесных строителей
Skybuilders' Truegold	истинного золота для небесных строителей
Skydeep Flat	Небесной глубины, плоская
Skylift	«Небесный подъёмник»
Skylight	света небес
Skylords	«Владыки неба»
Skyrise	«Восхождение в небо»
Skyslipper	небесного скользуна
Skyspring	небесного источника
Skysteel Prototype	с прототипом небесной стали
Slanted	под наклоном
Slate	из сланца
Slate Grey	сланцево-серого цвета
Slate Mountains	«Сланцевые горы»
Slate-grey Sheepskin	из овечьей кожи сланцево-серого цвета
Sleep Ward	защиты от сна
Sleeping	сна
Sleipnir	Слейпнира
Slim Frame Eggy	с яйцами в тонкой оправе
Slime	слизи
Slipstream Armor of Maiming	с доспехами воздушного потока для увечья
Slovenly	неопрятного вида
Slow Ward	защиты от замедления
Slumber Eternal	«Вечный сон»
Small Arms Supplier's	малой оружейной лавки
Small Cafe	малого кафе
Small Eatery	малой закусочной
Small Florist's	малой цветочной лавки
Small Forge's	малой кузницы
Small Imitation	малого размера, имитация
Small Merchant's	малой торговой лавки
Small Outfitter's	малой лавки одежды
Small Shirogane Castle	малого замка Сироганэ
Small Smithy	малой кузни
Smaller Water Otter	водяной выдры, уменьшенный
Smaller Water Otter Fountain	уменьшенного фонтана водяной выдры
Smile	«Улыбка»
Smile (Back in the Ring)	«Улыбка» (Снова на ринге)
Smile (Orchestral Version)	«Улыбка» (Оркестровая версия)
Smile (Till Dawn My Tears Flow)	«Улыбка» (До рассвета льются мои слёзы)
Smilodon	смилодона
Smilodonskin Open-toed	из кожи смилодона с открытым носком
Smilodonskin Survival	для выживания из кожи смилодона
Smith's Show	кузнеца для витрины
Smithing	для кузнечного дела
Smithsonite	смитсонита
Smoldering Protean	тлеющей изменчивости
Smooth Rock	гладкой каменной породы
Smothering	удушения
Smoulder	«Тление»
Snailfish	морского слизня
Snipe	бекаса
Snow	снега
Snow Removal Tool	инструмента для уборки снега
Snow White	снежно-белого цвета
Snow-dusted	с припорошёнными снегом ветвями
Snowcloak	«Снежный покров»
Snowline Rollick	«Веселье у снежной границы»
Snowstreamer	для призыва снежного лентокрыла
Snowy Red Brick	из заснеженного красного кирпича
Soft Survey	исследовательского назначения, мягкая
Soft Young	молодого растения, мягкие
Softsilver	мягкого серебра
Soggy Alien	инопланетного происхождения, размокшая
Sohm Al	«Сом Ал»
Solar Reflector	солнечного отражателя
Solberyllia	солбериллии
Solid	«Непоколебимый»
Solid-brick	из сплошного кирпича
Solstice	солнцестояния
Somen	для сомэна
Sometime, Somewhere	«Когда-нибудь, где-нибудь»
Somewhere in the World (Ambitions Writhe)	«Где-то в мире» (Беспокойные стремления)
Song of the Ancients (Atonement)	«Песнь древних» (Искупление)
Songs of Salt and Suffering	«Песни соли и страданий»
Songs of Salt and Suffering (Orchestral Version)	«Песни соли и страданий» (Оркестровая версия)
Soot Black	чёрного цвета сажи
Sophia	Софии
Sophic Bead	бусины Софии
Sophic Lanner	для призыва ланнера Софии
Sophist's	софиста
Sorcerer	колдуна
Sothwatch	«Южный дозор»
Source	Источника
South Horn	Южного Рога
South Kholusian	из южной Холусии
South Shroud	Южного Покрова
South Shroud Landing	«Пристань Южного Покрова»
Southern Thanalan	Южного Таналана
Sovereign	государя
Spare	запасного назначения
Spare Tank	запасного бака
Spare Transport	транспортного средства, запасная
Spare Vehicle	машины, запасная
Speak No	«Не говорю»
Speaking	речи
Speaking Tube	переговорной трубы
Special Archon	Архона, особое
Special Brilliant	особого блеска
Special Midnight Archon	полуночного Архона, особое
Specialist Dunefishing Bait	особой наживки для рыбалки в дюнах
Specialist Freshwater Bait	особой наживки для пресной воды
Specialist Lavafishing Bait	особой наживки для лавовой рыбалки
Specious	обманчивого вида
Speckled Peacock	крапчатого павлина
Spectral	призрачного вида
Spectral Snake	призрачной змеи
Spectral Statice	для призыва призрачной Статицы
Specula Imperatoris	«Спекула Императорис»
Specula Imperatoris #2	«Спекула Императорис № 2»
Speed	скорости
Spice	для специй
Spicy Stellar	звёздного происхождения, острый
Spider	паука
Spinopitcher	колючего кувшина
Spiny King	колючего короля
Spiral	«Спираль»
Spiritbond	духовного связывания
Spiritweed	духотравы
Splendid Ant	муравья превосходного качества
Splendid Black	чёрного цвета, превосходный
Splendid Bone	превосходной кости
Splendid Dense Iron	превосходного плотного железа
Splendid Egg-bearing	с икрой, превосходная
Splendid Flint	превосходного кремня
Splendid Holey	с отверстиями, превосходный
Splendid Iron	превосходного железа
Splendid Mate	превосходного мате
Splendid Mineral	минерального происхождения, превосходное
Splendid Night's	ночи, превосходный
Splendid Poison	яда, превосходный
Splendid Purple	фиолетового цвета, превосходный
Splendid Robber	разбойника, превосходный
Splendid Rock	каменной породы, превосходная
Splendid Tarichuk	превосходного таричука
Splendiferous Mammet-sized Spelunking	для спелеологии, роскошные, по размеру маммета
Splendorous Alchemist's	алхимика для сияющего инструмента
Splendorous Armorer's	бронника для сияющего инструмента
Splendorous Blacksmith's	кузнеца для сияющего инструмента
Splendorous Botanist's	ботаника для сияющего инструмента
Splendorous Carpenter's	плотника для сияющего инструмента
Splendorous Culinarian's	кулинара для сияющего инструмента
Splendorous Earth	сияющей земли
Splendorous Fishing Reel	сияющей рыболовной катушки
Splendorous Fishing Rod	сияющей удочки
Splendorous Goldsmith's	ювелира для сияющего инструмента
Splendorous Leatherworker's	кожевника для сияющего инструмента
Splendorous Miner's	горняка для сияющего инструмента
Splendorous Water	сияющей воды
Splendorous Weaver's	ткача для сияющего инструмента
Splintered	с расколами
Spoken	разумных существ
Spongoi	спонгои
Spoon	ложки
Spore-filtering	для фильтрации спор
Sport of Kings	«Спорт королей»
Spriggan Stonecarrier	для призыва сприггана-камненосца
Spring Dress	для весеннего платья
Spring Meadow	весеннего луга
Spring Straw	весеннего стиля из соломы
Springtide Fan	для веера весенней поры
Sprouting	прорастания
Squadron Battle	отряда по бою
Squadron Engineering	отряда по инженерному делу
Squadron Enlistment	отряда по набору бойцов
Squadron Gear Maintenance	отряда по уходу за снаряжением
Squadron Rationing	отряда по расходованию провизии
Squadron Spiritbonding	отряда по духовному связыванию
Squadron Survival	отряда по выживанию
Squall Leonhart	Скволла Леонхарта
Square Ash	из ясеня, квадратный
Square Ceiling	для потолка, квадратная
Square Maple	из клёна, квадратный
Square Niche	с квадратной нишей
Squid	кальмара
Squirrel	белки
Stablehand's	конюха
Stablemaid's	конюшенной служанки
Staff Credits	«Титры создателей»
Staggered	со смещёнными ярусами
Stained	с пятнами
Stained Chef's	повара с пятнами
Stained Crystal	из цветного хрусталя
Stained Manderville	Мандервилля с пятнами
Standard Anchor Steel	якорной стали стандартного образца
Standard Auxesian Alloy	ауксезийского сплава стандартного образца
Standard Coated	стандартного образца с покрытием
Standard Cosmotized	стандартного образца с космическим усилением
Standard Cotton	из хлопка стандартного образца
Standard Cushion	для подушки стандартного образца
Standard Extra-thick	стандартного образца, сверхтолстая
Standard Flareproof	стандартного образца, с защитой от вспышек
Standard Flexible	стандартного образца, гибкая
Standard Glass	стекла стандартного образца
Standard Hardened	стандартного образца, отверждённое
Standard High-durability	стандартного образца, повышенной прочности
Standard Indurate	стандартного образца, затвердевшие
Standard Large	стандартного образца, большая
Standard Leather	из кожи стандартного образца
Standard Lightweight	стандартного образца, облегчённая
Standard Metal	металла стандартного образца
Standard Multi-purpose	стандартного образца, универсальная
Standard Oizys Alloy	сплава Оизис стандартного образца
Standard Protective	стандартного образца, защитная
Standard Rationing	по расходованию провизии, стандартное
Standard Reinforced	стандартного образца с усилением
Standard Silicate Alloy	силикатного сплава стандартного образца
Standard Spectrum	стандартного спектра
Standard Stellar	стандартного звёздного образца
Standard Treated Bronze	обработанной бронзы стандартного образца
Standard Treated Gold	обработанного золота стандартного образца
Standard Treated Platinum	обработанной платины стандартного образца
Standard Treated Ruby Gold	обработанного рубинового золота стандартного образца
Standard Treated Silver	обработанного серебра стандартного образца
Standard Vehicle Track	для гусеницы стандартной машины
Star Anise	бадьяна
Star Ruby Music	музыки звёздного рубина
Star Sapphire Music	музыки звёздного сапфира
Star Sea	звёздного моря
Star Velvet Long	из звёздного бархата, длинные
Star-spangled	со звёздным узором
Starboard Hull	корпуса правого борта
Starboard Wing	правого крыла
Starboard Wing Control	системы управления правым крылом
Starcrack	звёздной трещины
Starcrystal	звёздного кристалла
Stardust Cotton	хлопка звёздной пыли
Starfaring	звёздного странника
Stargazers	«Звездочёты»
Stargazy	звездочёта
Starkest Scale	«Самая суровая чешуя»
Starlens	звёздной линзы
Starlens Wand	палочки звёздной линзы
Starless Skyline	«Беззвёздный горизонт»
Starlight Bear	для призыва медведя Звёздного света
Starlight Celebration	«Праздник Звёздного света»
Starlight Celebration MMXIII	праздника Звёздного света MMXIII
Starlight Celebration MMXIV	праздника Звёздного света MMXIV
Starlight Celebration MMXVIII	праздника Звёздного света MMXVIII
Starlight Celebration MMXXII	праздника Звёздного света MMXXII
Starlight Celebration MMXXIII	праздника Звёздного света MMXXIII
Starlight Celebration MMXXV	праздника Звёздного света MMXXV
Starlight Gift	для подарка Звёздного света
Starlight Mug	из кружек Звёздного света
Starlight Roll	рулета Звёздного света
Starlight Sleigh	для призыва саней Звёздного света
Starlight Stalls	стойл Звёздного света
Starlight Steed	для призыва скакуна Звёздного света
Starlight and Sellswords	«Звёздный свет и наёмники»
Starlight de Chocobo	«Звёздный свет чокобо»
Starlight, Starbright	«Звёздный свет, яркая звезда»
Starlit Gateway	«Врата в звёздном свете»
Starry Sky	«Звёздное небо»
Stars Long Dead	«Давно погасшие звёзды»
Starsbreath	«Дыхание звёзд»
Starscale	звёздной шкалы
Starved	«Изголодавшийся»
Statice	Статицы
Statice's	Статицы
Statue	для статуи
Statue Supplies	заготовок для статуи
Statue of Zuiko	«Статуя Дзуйко»
Statue of the Unsung	«Статуя невоспетого»
Steamed	паровой обработки
Steel Chaser	из стали для чеканки
Steel Crowsbeak	из стали, вороний клюв
Steel Doming	из стали для куполообразной выколотки
Steel Joint	стального соединения
Steel Natalan	Наталана из стали
Steel Ornamental	из стали для декоративной обработки
Steel Plate	стальной пластины
Steel Reason	«Стальной рассудок»
Steel Scale	из стальной чешуи
Steel Shposhae	Шпошае из стали
Steel Vigil	«Стальной дозор»
Steel-barreled	со стальным стволом
Steel-clad	со стальной обшивкой
Steelhead	стальноголового вида
Steeping Accessory	принадлежностей для замачивания
Steer	вола
Steerhide	из воловьей кожи
Steering Mechanism	рулевого механизма
Stellar Goldsmithing	звёздного ювелирного дела
Stellar Leatherworking	звёздного кожевенного дела
Stellar Midge	звёздной мошки
Stellar Woodworking	звёздного плотницкого дела
Steppe Copper	степной меди
Steppe Iron	степного железа
Steppe Mudstone	из степного аргиллита
Steppe Rattan	степного ротанга
Steppe Rock	степной каменной породы
Steppe Spring	степного источника
Steppe Tea	степного чая
Steps of the Speaker	«Ступени оратора»
Steward	для найма управляющего
Sticky	липкого вида
Stigma	«Стигма»
Stigma-1	«Стигма-1»
Stiperstone	стайперстоуна
Stippled	крапчатой окраски
Stone Garden	для сада, из камня
Stone Toro	торо из камня
Stone Vigil	Каменного дозора
Stone and Steel	«Камень и сталь»
Stonefly	веснянки
Stonehard	каменной твёрдости
Stonemasonry	для каменного дела
Stonemasonry Supplies	заготовок для каменного дела
Stonemasonry Tool	инструмента для каменного дела
Stonewashed Baggy Twill	из варёной саржи, мешковатые
Stonewashed Bell-bottom Twill	из варёной саржи, расклешённые
Stonewashed Twill	из варёной саржи
Storage	для хранения
Storage Trunk	сундука для хранения
Storge	Сторге
Storm Blue	штормового синего цвета
Storm Elite's Scale	элиты Бури, чешуйчатый образец
Storm Storage	Бури, с ящиком
Storm Warsteed	для призыва боевого коня Бури
Storm's Crown Sword	для меча Короны бури
Stormblood	«Кровь бури»
Stormblood Alphinaud & Alisaie	Альфино и Ализе, Кровь бури
Stormblood Gilgamesh	Гильгамеша, Кровь бури
Stormblood Tataru Taru	Татару Тару, Кровь бури
Stormbringer's	несущего бурю
Stormcarrier's	буреносца
Stormcloud	грозовой тучи
Stormcloud Cotton	хлопка грозовой тучи
Storybook	книги сказок
Straight Tuliyollan	Тулийоллала, прямая
Straight-cut Twill	из саржи прямого кроя
Straw	из соломы
Strayborough	Стрейборо
Street Cargo	уличного стиля с накладными карманами
Street High-top	уличного стиля с высоким верхом
Strewn	разбросанного вида
Strider	странника
Striped	в полоску
Striped Cotton	из полосатого хлопка
Striped Peacock	полосатого павлина
Striped Southern Seas	Южных морей, в полоску
Striped Velveteen	из полосатого вельвета
Strix	Стрикса
Stun Ward	защиты от оглушения
Sturdy	высокой прочности
Sturdy Vat	для прочного чана
Stygian	Стигии
Stylish Pipe	для стильной трубки
Sublime Fossilized Dragon's	дракона, великолепная окаменелость
Sublime Kukuru	великолепного кукуру
Substitute Offering	заменяющего подношения
Subterranean Drop	«Подземная капля»
Subterranean Sanctuary	«Подземное святилище»
Succubus	суккуба
Succubus Hooded	суккуба с капюшоном
Sudsy Soap	пенистого мыла
Sugar Riot	Сахарного бунта
Sui-no-Sato Special	особого изделия Суй-но-Сато
Sukiya-zukuri Cottage	коттеджа в стиле сукия-дзукури
Sukiya-zukuri House	дома в стиле сукия-дзукури
Sukiya-zukuri Mansion	особняка в стиле сукия-дзукури
Sukiyaki	для сукияки
Sultan's	султана
Sultana Dreaming	«Грёзы султанши»
Sultana's Breath	«Дыхание султанши»
Summer	для лета
Summer Evening	летнего вечера
Summer Indigo	летнего стиля цвета индиго
Summer Morning	летнего утра
Summerford Farms	«Фермы Саммерфорда»
Summoner	призывателя
Summoning	призыва
Sumptuous Dimension Castle	Роскошного межпространственного замка
Sun	солнца
Sun Lemon	солнечного лимона
Sun Mica	солнечной слюды
Sunflower	подсолнуха
Sunforged	солнечной ковки
Sungilt	солнечной позолоты
Sunken	затонувшего вида
Sunken Temple of Qarn	«Затонувший храм Карна»
Sunrise	«Рассвет»
Sunrise (Pulse)	«Рассвет» (Пульс)
Sunset Orange	закатного оранжевого цвета
Super Jubilance	великого ликования
Superior Deep-blue Enchanted	зачарованного состава, тёмно-синие, высшего качества
Superior Deep-green Enchanted	зачарованного состава, тёмно-зелёные, высшего качества
Superior Deep-red Enchanted	зачарованного состава, тёмно-красные, высшего качества
Superior Enchanted	зачарованного состава, высшего качества
Superior Freight	грузовой системы высшего качества
Superior Spiritbond	духовного связывания, высшего качества
Supple Spruce	гибкой ели
Suprae-Lugae	Супраэ-Лугэ
Supremest	наивысшего качества
Supremest Space	космического происхождения, наивысшего качества
Surgelight	светового всплеска
Survey Aetheric Magnifying	эфирного увеличения для исследований
Survey Ataxite	атаксита для исследований
Survey Carrot	из моркови для исследований
Survey Cosmic	для космических исследований
Survey Crew	исследовательской команды
Survey Crosscut	поперечная, для исследований
Survey Cushion	для исследовательской подушки
Survey Explorer	исследователя экспедиции
Survey Four-paw	четырёхлапая, для исследований
Survey Icebox	холодильного ящика для исследований
Survey Lens	исследовательской линзы
Survey Luncheon	с обедом для исследователя
Survey Mushroom	гриба для исследований
Survey Operator	оператора экспедиции
Survey Packaging	для упаковки исследовательских грузов
Survey Pilot	пилота экспедиции
Survey Precision	высокой точности для исследований
Survey Ruby	из рубина для исследований
Survey Safety	для безопасных исследований
Survey Silicon	из кремния для исследований
Survey Station Artisan's	ремесленника исследовательской станции
Survey Tent	палатки для исследований
Survey Tincture	настойки для исследований
Survey Tourmaline	турмалина для исследований
Survey Trapper's	охотника экспедиции
Survey Wood	из дерева для исследований
Susano	Сусано
Susano's Paladin	паладина Сусано
Susano's Rapturous Paladin	паладина Сусано, восторженный комплект
Sushi	для суши
Sustaining	поддержания
Suzaku's Flame-kissed Paladin	паладина Судзаку, опалённый комплект
Suzaku's Paladin	паладина Судзаку
Swallow's Compass	«Компас ласточки»
Swallowskin Survival	для выживания из кожи ласточки
Swan	лебедя
Sweet Cream	сладких сливок
Sweet Dreamer's	сладкого мечтателя
Sweet Dreamer's Melody	«Мелодия сладкого мечтателя»
Sweet Pea	душистого горошка
Sweet Rice	сладкого риса
Sweet-scented	со сладким ароматом
Sweetflesh	сладкой мякоти
Sweets	для сладостей
Swiftest Wing	«Самое быстрое крыло»
Swine	свиньи
Swinging-door	с распашной дверцей
Sykon	сикона
Syldra	Сильдры
Syldra-class	класса «Сильдра»
Syldra-class Bow	носовой части класса «Сильдра»
Syldra-class Bridge	мостика класса «Сильдра»
Syldra-class Pressure	класса «Сильдра», прочный
Syldra-class Pressure Hull	прочного корпуса класса «Сильдра»
Syldra-class Stern	кормы класса «Сильдра»
Sylkis Bud	почки силькиса
Sylph	сильфиды
Sylph Green	зелёного цвета сильфиды
Sylphic Dining	сильфид для обедов
Sylphic Lamp	сильфид со светильниками
Sylphic Wall	сильфид для стены
Sylvan	леса
Sylvan Silk	из лесного шёлка
Synthetic	синтетического состава
Syrcus	Сиркуса
Syrphid	журчалки
Table	для стола
Tablet	для табличек
Tablet Supplies	заготовок для табличек
Tabletop All Saints' Wake MMXXV	Бдения всех святых MMXXV, настольная
Tabletop Hat	настольная, для шляп
Tabletop Hatching-tide MMXXV	Поры вылупления MMXXV, настольная
Tabletop Little Ladies' Day MMXXV	Дня маленьких леди MMXXV, настольная
Tabletop Make It Rain Campaign MMXXV	Кампании денежного дождя MMXXV, настольная
Tabletop Moonfire Faire MMXXV	Ярмарки лунного огня MMXXV, настольная
Tabletop Rising MMXXV	Возрождения MMXXV, настольная
Tabletop Starlight Celebration MMXXV	праздника Звёздного света MMXXV, настольная
Tableware	для столовой посуды
Tacklerise Work	знатока снастей, рабочая
Taco Delight	«Радость тако»
Taco Tin	банки для тако
Tailfeather	«Хвостовое перо»
Tailor-made Eel	с угрём, по особому заказу
Tama-hagane	тамахаганэ
Tamamizu	«Тамамидзу»
Tamamo	Тамамо
Tangle	«Чаща»
Tank Frame	рамы танка
Tansui	Тансуя
Tantalplant	танталового растения
Tarnished	потускневшего вида
Tarnished Golden Wolf	Золотого волка, потускневший
Tarnished Mado	мадо, потускневший образец
Tarnished Makai Hand	макай, ручная, потускневшая
Tarnished Pressing Darkness	наступающей тьмы, потускневший
Tarnished Silver Wolf	Серебряного волка, потускневший
Tarnished Undying Twilight	бессмертных сумерек, потускневший
Tarnished White Night	Белой ночи, потускневший
Tarred Canvas	из просмолённой парусины
Tarred Leather Hunting	охотника из просмолённой кожи
Tarred Leather Survival	для выживания из просмолённой кожи
Tarred Voyager's	путешественника, просмолённый
Tarred Walking	для прогулок, просмолённая
Tatami	из татами
Tatanora	«Татанора»
Tatanora-type	типа «Татанора»
Tatara Iron	железа татара
Tataru Taru	Татару Тару
Tataru's Bespoke	Татару, по особому заказу
Tattered	изорванного вида
Taupe Sheepskin	из серо-коричневой овечьей кожи
Taurus	Тельца
Tavern	для таверны
Tawny Wench	смуглянки
Tea Caddy	для чайниц
Tea Flower	чайного цветка
Teahouse	чайного домика
Teahouse Bench	скамьи чайного домика
Teal	бирюзового цвета
Team Season Pack Wolf	«Стайный волк», командный сезон
Teardrops in the Rain	«Слёзы под дождём»
Tempered	закалённого состава
Tempered Survey	закалённого состава для исследований
Tempest	Бури
Temple Bell	«Храмовый колокол»
Temporal	времени
Temporary Collection Point	для временного пункта сбора
Ten Year Anniversary	десятилетия
Tenacity	«Стойкость»
Tenfinger	десяти пальцев
Tenkonto	«Тэнконто»
Timeworn Archaeoskin	древнего образца, из кожи археозавра
Timeworn Boarskin	древнего образца, из кабаньей кожи
Timeworn Br'aaxskin	древнего образца, из кожи браакса
Timeworn Dragonskin	древнего образца, из драконьей кожи
Timeworn Gaganaskin	древнего образца, из кожи гаганы
Timeworn Gargantuaskin	древнего образца, из кожи гаргантюа
Timeworn Gazelleskin	древнего образца, из кожи газели
Timeworn Gliderskin	древнего образца, из кожи летяги
Timeworn Goatskin	древнего образца, из козьей кожи
Timeworn Kumbhiraskin	древнего образца, из кожи кумбхиры
Timeworn Leather	древнего образца, из кожи
Timeworn Loboskin	древнего образца, из кожи лобо
Timeworn Ophiotauroskin	древнего образца, из кожи офиотавра
Timeworn Peisteskin	древнего образца, из кожи пейста
Timeworn Saigaskin	древнего образца, из кожи сайгака
Timeworn Toadskin	древнего образца, из жабьей кожи
Timeworn Wyvernskin	древнего образца, из кожи виверны
Timeworn Zonureskin	древнего образца, из кожи зонура
Terra Branford	Терры Брэнфорд
Tertium	«Терциум»
Test Material Lens	линзы из тестового материала
Test-fire Target	для пробной стрельбы
Test-fire Target Dummy	мишени для пробной стрельбы
Tetsuji Usagi	железного зайца
Thal	Тала
Thal's Respite	«Покой Тала»
Thalaos	«Талаос»
Thalassian	Талассии
Thaleia	Талии
Thaliak	Талиака
Thanalan Tea	таналанского чая
Thancred	Танкреда
Tharl Oom Khash	«Тарл Ум Каш»
Thaumaturge's	оккультиста
Thaumazein	«Таумадзейн»
Thavnair	Тавнаира
Thavnairian Onion	тавнаирского лука
Thavnairian Perilla	тавнаирской периллы
Thavnairian Striking	Тавнаира для тренировок
Thavnairian Wool Autumn	осеннего стиля из тавнаирской шерсти
The Aetherial Sea	«Эфирное море»
The Airship	«Дирижабль»
The Ancient City	«Древний город»
The Arcadion	«Аркадион»
The Big One	«Великан»
The Black Wolf Stalks Again	«Чёрный волк снова на охоте»
The Color of Depression	«Цвет уныния»
The Corpse Hall	«Зал мертвецов»
The Dark Which Illuminates the World	«Тьма, озаряющая мир»
The Dark's Embrace	«Объятия тьмы»
The Darkhold	«Тёмная крепость»
The Day Will Come (Endwalker)	«Этот день настанет» (Странник конца)
The Destroyer	«Разрушитель»
The Edge	«Грань»
The Emperor's Wont	«Воля императора»
The Ewer Brimmeth	«Кувшин полон до краёв»
The Extreme	«Предел»
The Fae's Crown Paladin	паладина Короны фей
The Faerie Ring	«Кольцо фей»
The Federation of Windurst	«Федерация Виндурста»
The Final Day	«Последний день»
The Final Day (Orchestral Version)	«Последний день» (Оркестровая версия)
The Forgotten City - Tavnazian Safehold	«Забытый город — Тавназийское убежище»
The Garden's Gates	«Врата сада»
The Grand	величия
The Grand Cosmos	«Великий космос»
The Grand Duchy of Jeuno	«Великое герцогство Джуно»
The Griffin	Грифона
The Hall of Flames	«Зал Пламени»
The Hand that Gives the Rose	«Рука, дарящая розу»
The Heavens' Ward	«Небесная гвардия»
The King's Paladin	паладина короля
The Kingdom of San d'Oria	«Королевство Сан-д'Ория»
The Kiss	«Поцелуй»
The Labyrinth	«Лабиринт»
The Labyrinth (Forge Ahead)	«Лабиринт» (Двигаться вперёд)
The Land Reborn	«Возрождённая земля»
The Legendary Beast	«Легендарный зверь»
The Ludus	«Школа гладиаторов»
The Maiden's Lament	«Плач девы»
The Maker's Ruin	«Гибель создателя»
The Map Unfolds	«Карта раскрывается»
The Measure of His Reach	«Мера его власти»
The Measure of Our Reach	«Мера нашей власти»
The Mendicant's Relish	«Радость нищего»
The Merchant's Tale	«Рассказ торговца»
The Mirror	«Зеркало»
The Mirror (Back in the Ring)	«Зеркало» (Снова на ринге)
The Mushroomery	«Грибная поляна»
The Mystery of Giruvegan	«Тайна Гирувегана»
The Nautilus Knoweth	«Наутилус знает»
The Nautilus Knoweth (Pulse 2)	«Наутилус знает» (Пульс 2)
The Only Path	«Единственный путь»
The Open Box	«Открытая шкатулка»
The Promise of Plunder	«Обещание добычи»
The Promise of Tomorrow	«Обещание завтрашнего дня»
The Queen Awakens	«Королева пробуждается»
The Quick Way	«Быстрый путь»
The Red Wings (Endwalker)	«Красные крылья» (Странник конца)
The Republic of Bastok	«Республика Басток»
The Ring's Reprieve	«Передышка на ринге»
The Rising MMXXIII	Возрождения MMXXIII
The Rising MMXXIV	Возрождения MMXXIV
The Rising MMXXV	Возрождения MMXXV
The Sands' Secrets	«Тайны песков»
The Scars of Battle	«Шрамы битвы»
The Seventh Sun	«Седьмое солнце»
The Silent Regard of Stars	«Безмолвный взгляд звёзд»
The Skyruin	«Небесные руины»
The Sochen Cave Palace (Zodiac Age Version)	«Пещерный дворец Сохэн» (Эпоха Зодиака)
The Sound of the End	«Звук конца»
The Sound of the End: 8bit	«Звук конца», 8 бит
The Source	«Источник»
The State of the Realm	«Состояние мира»
The Stone Remembers	«Камень помнит»
The Sunken Destroyer	«Затонувший Разрушитель»
The Travel Agency (Dawntrail)	«Бюро путешествий» (Тропа рассвета)
The Twin Faces of Fate - The Theme of Ul'dah	«Два лика судьбы — тема Уль'ды»
The Tyrant	«Тиран»
The Uncharted Road	«Неизведанная дорога»
The Unraveled	распутанных нитей
The Waking Sands	«Пробуждающиеся пески»
The Warrens	«Норы»
The Worm's Head	«Голова дракона»
The Worm's Tail	«Хвост дракона»
The Worm's Tail (Chiptune Version)	«Хвост дракона» (Чиптюн-версия)
The Worm's Tail (Journeys Version)	«Хвост дракона» (Путешествия)
The Worm's Tail (Orchestral Version)	«Хвост дракона» (Оркестровая версия)
The Wyrm Who Would Be King	«Дракон, желавший стать королём»
Their Deadly Mission	«Их смертельная миссия»
Themis	Темиса
Therion	Териона
Thermal	тепла
Thick Smithy's	кузнеца, плотные
Thick Standard	стандартного образца, плотная
Thick Survey	для исследований, плотная
Thick-boned	с толстыми костями
Thick-rimmed	в толстой оправе
Thicker than a Knife's Blade	«Толще клинка ножа»
Thief's	вора
Thinker's	мыслителя
Thormoen's	Тормоэна
Thorne Dynasty	династии Торн
Thorne Knight	рыцаря Торнов
Thousand	тысячи
Three-lip	трёхгубого вида
Through the Maelstrom	«Сквозь водоворот»
Through the Maelstrom (Pulse)	«Сквозь водоворот» (Пульс)
Through the Maelstrom (The Primals)	«Сквозь водоворот» (The Primals)
Thunder	грома
Thunder God Cid's Theme	«Тема бога грома Сида»
Thunder Rolls	«Раскаты грома»
Thunderbolt	удара молнии
Thunderer	«Громовержец»
Thundergust Griffin	грифона Грозового порыва
Thundersteeped	с насыщением громом
Thunderswift	быстрой молнии
Thunderyards	Громовых дворов
Thylacoleo	сумчатого льва
Tidal	прилива
Tidegate	«Приливные ворота»
Tidus	Тидуса
Tiisol Ja	Тиисола Джа
Tiled	с плиткой
Time Mage's	мага времени
Timeless Turali	Турала, вне времени
Timeworn Thief's	вора, древнего образца
Tin Bronze	из оловянистой бронзы
Tin Bronze Ornamental	из оловянистой бронзы для декоративной обработки
Tinker's	лудильщика
Tinkerer's Treasure Trove	«Сокровищница изобретателя»
Tinolqa	Тинолки
Tiny	крошечного размера
Tiny Bronco	«Малыш Бронко»
Tioman	Тиоман
Tipped Ewer	«Опрокинутый кувшин»
Titan	Титана
Titanbronze Ball-pein	из титанобронзы со сферическим бойком
Titanbronze Creasing	из титанобронзы для тиснения
Titanbronze Lump	из титанобронзы, кувалда
Titanbronze Moogle	из титанобронзы с муглом
Titanbronze Texture	из титанобронзы для текстурирования
Titanbronze Tower	из титанобронзы, башенный
Titania	Титании
Titania Shadow	Титании для объёмной композиции
Titanic Cragsoul	души скалы Титана
Titanium Alloy	титанового сплава
Titanium Ball-pein	из титана со сферическим бойком
Titanium Creasing	из титана для тиснения
Titanium Gold Bomb	из титанового золота с бомбой
Titanium Gold Creasing	из титанового золота для тиснения
Titanium Gold Thorned	из титанового золота с шипами
Titanium Halfheart	из титана в форме полусердца
Titanium Lump	из титана, кувалда
Titanium-barreled	с титановым стволом
Titanoboa	титанобоа
Titanshell	титанического панциря
To Fire and Sword	«Огнём и мечом»
To Sail Forbidden Seas	«По запретным морям»
To the Edge	«К самой грани»
To the Edge (Forge Ahead)	«К самой грани» (Двигаться вперёд)
To the Edge (Orchestral Version)	«К самой грани» (Оркестровая версия)
To the Edge (Pulse 2)	«К самой грани» (Пульс 2)
To the North Mountain (Dawntrail)	«К Северной горе» (Тропа рассвета)
To the Sun	«К солнцу»
To the Sun (Piano Collections)	«К солнцу» (Фортепианные сборники)
Toadskin Hunter's	охотника из жабьей кожи
Toadskin Hunting	охотника из жабьей кожи
Toadskin Survival	для выживания из жабьей кожи
Toadskin Voyager's	путешественника из жабьей кожи
Todoroki	«Грохот»
Tokkapchi	Токкапчи
Toll of the Bells	«Колокольный звон»
Tomato	из томатов
Tomato King	Томатного короля
Tomorrow and Tomorrow	«Завтра и снова завтра»
Tomorrow and Tomorrow (Orchestral Version)	«Завтра и снова завтра» (Оркестровая версия)
Tomorrow and Tomorrow (Scions & Sinners: Amanda Achen Vocals)	«Завтра и снова завтра» (Наследники и грешники: вокал Аманды Эйчен)
Tomorrow and Tomorrow - Reprise	«Завтра и снова завтра — реприза»
Tonawawtan Cookware	кухонной утвари Тонававты
Tonawawtan Cover	покрытия Тонававты
Tonberry Dining	тонберри для обедов
Tonberry Oval	тонберри овальной формы
Tonberry Square	тонберри квадратной формы
Tonberry Wall	тонберри для стены
Tonitrua ex Machina	«Гром из машины»
Toothed	с зубцами
Toothed Goathorn	из козьего рога с зубцами
Toothed Ramhorn	из бараньего рога с зубцами
Toothed Staghorn	из оленьего рога с зубцами
Topiary	фигурного кустарника
Topmast	«Стеньга»
Topwater	поверхности воды
Torgal	для призыва Торгала
Torn	изорванного вида
Torn Manderville	Мандервилля с разрывами
Torn from the Heavens	«Низвергнутый с небес»
Torn from the Heavens／The Dark Colossus Destroys All (Medley Version)	«Низвергнутый с небес / Тёмный колосс уничтожает всё» (Попурри)
Tornado	торнадо
Toro	торо
Torrent Attire of Aiming	с облачением потока для прицеливания
Torrent Attire of Scouting	с облачением потока для разведки
Tortoisepine	черепашьей сосны
Tortoiseshell Scale	из черепашьих щитков
Torturer's	палача
Tossed	для метания
Tough Battle	«Тяжёлая битва»
Tough Battle #2	«Тяжёлая битва № 2»
Tourmaline Golem	для призыва турмалинового голема
Tournament	турнира
Towel	для полотенец
Tower of Zot	«Башня Зот»
Town Theme (Dawntrail)	«Тема города» (Тропа рассвета)
Toxic Bloomer	ядоцвета
Toy	игрушечного назначения
Toymaker's Show	игрушечника для витрины
Tozol Huatotl	Тозола Уатотля
Trackbed Repair	для ремонта железнодорожного полотна
Trader	торговца
Trader's Cottage	коттеджа торговца
Trader's House	дома торговца
Trader's Mansion	особняка торговца
Trail Repair	для ремонта тропы
Training	для тренировок
Training Supplies	тренировочных принадлежностей
Tranquility	«Спокойствие»
Transmission	трансмиссии
Transport	транспортного назначения
Transport Cosmotized	транспортного назначения с космическим усилением
Transport Daphnia	дафнии для транспорта
Travel	для путешествий
Traveling Supporter	передвижной опоры
Traverse	перехода
Treadwheel Crane	ступального крана
Treant	треанта
Treant Root	корня треанта
Treasure	сокровищ
Treated Camphorwood	обработанного камфорного дерева
Treated Habitat	обработанного состава для жилища
Treated Spruce	обработанной ели
Tree Slice	из спилов дерева
Tree of Living Light	«Древо живого света»
Trench	глубоководного желоба
Tribunal	трибунала
Triceratops	для призыва трицератопса
Trick Bookshelf	с потайным книжным шкафом
Tricksome	«Коварство»
Tricolored	трёхцветного вида
Tricolored Onionroot	трёхцветного луковичного корня
Trinity Avowed	Троицы присягнувших
Trinity Seeker	Искателя троицы
Trinket	безделушки
Tripod	треноги
Trisection	«Тройное разделение»
Triteleia	трителеи
Triumph	«Триумф»
Triumph (Orchestral Version)	«Триумф» (Оркестровая версия)
Troglophile's Deep	«Глубины троглофила»
Troian Beauty (Endwalker)	«Тройская красота» (Странник конца)
Troll	тролля
Trona	троны
Tropaios Angle	Тропайос угловой формы
Trophy	трофея
Tropical Canopy	тропического стиля с балдахином
Trouser	для брюк
True Vue	«Истинный вид»
Truegold	истинного золота
Tsoly Tea	цолийского чая
Tsukumogami	цукумогами
Tsukuyomi	Цукуёми
Tsukuyomi's Moonlit Paladin	паладина Цукуёми в лунном свете
Tsukuyomi's Pain (Orchestral Version)	«Боль Цукуёми» (Оркестровая версия)
Tsukuyomi's Paladin	паладина Цукуёми
Ttokrrone	Ттокрроне
Tu'Lia	«Ту'Лия»
Tuff	из туфа
Tuliyollan Beverage	Тулийоллала для напитков
Tuliyollan Table	Тулийоллала, настольная
Tumbling Down	«Обрушение»
Tungsten Steel	вольфрамовой стали
Tunic	для туники
Turali Corn	туральной кукурузы
Turali Land	суши Турала
Turali Snowman	для призыва турального снеговика
Turali Spice	туральных специй
Turmoil	«Смятение»
Turquoise Blue	бирюзово-синего цвета
Turquoise Green	бирюзово-зелёного цвета
Turquoise Shag	бирюзового ворса
Twelvefold Blessings	благословения Двенадцати
Twice Stricken	«Дважды поражённый»
Twice-fermented Mun-Tuy	мун-туй двойного брожения
Twig	веточки
Twilight Popoto	сумеречного попото
Twilight over Thanalan	«Сумерки над Таналаном»
Twilit Terraces	«Сумеречные террасы»
Twin Adder	Ордена двойной гадюки
Twin Adder Aetheryte	эфирита Ордена двойной гадюки
Twin-tongued	двуязыкого вида
Twintania Neurolink	нейросвязи Твинтании
Twintop	с двойной столешницей
Ty'aitya	для призыва Ти'аитьи
Typhon	для призыва Тифона
Typhoon	тайфуна
Tyrannosaur	для призыва тираннозавра
U'Ghamaro Mines	«Шахты У'Гамаро»
UFO	НЛО
Uchigatana	для утигатаны
Uchiwa	веера утива
Ufiti	для призыва Уфити
Ul Brown	коричневого цвета Ул
Ul'dahn Crested	Уль'ды с гербом
Ul'dahn Half	Уль'ды, половинный комплект
Ul'dahn Mug	из кружек Уль'ды
Ullr	для призыва Улля
Ultima (Orchestral Version)	«Ультима» (Оркестровая версия)
Ultima (The Primals)	«Ультима» (The Primals)
Ultima Thule	Ультима Туле
Ultima Weapon	Оружия Ультима
Ultima's Perfection	«Совершенство Ультимы»
Ultima's Perfection (Endwalker)	«Совершенство Ультимы» (Странник конца)
Ultima's Transformation	«Преображение Ультимы»
Ultima, the High Seraph	Ультимы, высшего серафима
Ultimatum	ультиматума
Ultimoat	последнего рва
Ultralight	сверхлёгкого образца
Ultralight Fungal	грибного происхождения, сверхлёгкая
Ultramarine	ультрамарина
Ultros & Typhon	Ультроса и Тифона
Uma	лошади
Umbra	«Умбра»
Umbral Archon	сумрачного Архона
Umbrella Fig	зонтичного инжира
Unaspected	без стихийной принадлежности
Unbending Steel	«Несгибаемая сталь»
Unbending Steel (Duality)	«Несгибаемая сталь» (Двойственность)
Unbowed	«Непокорённый»
Unbreakable (Duality)	«Несокрушимый» (Двойственность)
Unbreakable (Pulse)	«Несокрушимый» (Пульс)
Unbroken Vessels	«Неразбитые сосуды»
Unchanging, Everchanging	«Неизменный, вечно меняющийся»
Uncharted Course	«Неизведанный курс»
Uncharted Course Construction	на строительство «Неизведанного курса»
Under the Stars	«Под звёздами»
Under the Weight	«Под тяжестью»
Under the Weight (The Primals)	«Под тяжестью» (The Primals)
Underground Spring	подземного источника
Undyed Cotton	из некрашеного хлопка
Undyed Hempen	из некрашеной пеньки
Undyed Woolen	из некрашеной шерсти
Undying Twilight	бессмертных сумерек
Unei & Doga	Унеи и Доги
Unfailing Eye Opener	безотказного средства пробуждения
Unfinished	без окончательной отделки
Unfinished Artemis	Артемиды, незавершённый
Unfinished Stardust	звёздной пыли, незавершённый
Unfinished Wood	из необработанного дерева
Unhidden Leather	из кожи, несокрытая
Unicorn	для призыва единорога
Unidentified Allagan	Аллага, неопознанный
Universal	универсального назначения
Unkiu-class	класса «Ункиу»
Unkiu-class Bow	носовой части класса «Ункиу»
Unkiu-class Bridge	мостика класса «Ункиу»
Unkiu-class Pressure	класса «Ункиу», прочный
Unkiu-class Pressure Hull	прочного корпуса класса «Ункиу»
Unkiu-class Stern	кормы класса «Ункиу»
Unknown	Неизвестного
Unleashed	«Высвобождённый»
Unmatching Pieces	«Несовпадающие части»
Unmelting Ice	из нетающего льда
Unoxidizable Olive	оливы, без окисления
Unspoken	«Невысказанное»
Unstained	без пятен
Untested Voyager	«Неиспытанный путешественник»
Unusual Gold	необычного золота
Unworthy	«Недостойный»
Unwound	«Расплетённый»
Uolon	для призыва Уолона
Uolon Horn	на рог Уолона
Uolosapa	Уолосапы
Up at Dawn	«Подъём на рассвете»
Upgrade	для улучшения
Upholstery Repair	для ремонта обивки
Upland	нагорья
Upon the Rocks	«На скалах»
Upper La Noscea	Верхней Ла Носкеа
Uraeus Body	для торса из кожи урея
Urban	городского стиля
Urianger	Урианже
Urqopacha	Уркопачи
Urth's Fount	«Источник Урт»
Urth's Gift	«Дар Урт»
Usagi	зайца
Used Banquet	для банкета, бывший в употреблении
Usuginu	усугину
Ut'ohmu	из Ут'ому
Ut'ohmu Plant	растительного происхождения из Ут'ому
Uth Duna's Scarlet Forest	«Ут Дуна в Алом лесу»
Vaan	Ваана
Vacuum	вакуума
Vacuum Suit	скафандра
Valens van Varro	Валенса ван Варро
Valentione Acacia Ribboned	Валентион с лентами, акация
Valentione Apron	Валентион с фартуком
Valentione Emissary's Dress	посланника Валентион, парадный вариант
Valentione Emissary's Ruffled	посланника Валентион с оборками
Valentione Forget-me-not Ribboned	Валентион с лентами, незабудка
Valentione Rose Ribboned	Валентион с лентами, роза
Valentione's	Валентион
Valentione's Day	Дня Валентион
Valentione's Day MMXIV	Дня Валентион MMXIV
Valentione's Day MMXXIV	Дня Валентион MMXXIV
Valentione's Day MMXXV	Дня Валентион MMXXV
Valerian Shaman's Temple	валерианского шамана, височная
Valerian Wizard's Fingerless	валерианского волшебника, без пальцев
Valfruit	вальфрукта
Valia Pira	Валии Пиры
Valigarmanda	Валигарманды
Valor Armor	с доспехами доблести
Valse di Fantastica	«Фантастический вальс»
Vamo' alla Flamenco	«Вперёд, фламенко»
Vamp Fatale	Роковой вамп
Vamper's	вампира
Vampire Cup	вампирской чаши
Vampire Vine	вампирской лозы
Vampire's	вампира
Vana'diel March	«Марш Вана'диэля»
Vana'diel March #2	«Марш Вана'диэля № 2»
Vana'diel March #4	«Марш Вана'диэля № 4»
Vanguard Angle	авангарда угловой формы
Vanilla	ванили
Vanilla Yellow	ванильно-жёлтого цвета
Varied Wood	из разных пород дерева
Varis yae Galvus	Вариса йе Гальвуса
Varsity Flat	университетского стиля, плоская
Vath	ватов
Vedrfolnir	Ведрфёльнира
Vega	Веги
Vehicular	транспортного средства
Veiled in Black	«В чёрной вуали»
Velodyna	Велодины
Velodyna Grass	травяного вида из Велодины
Velodyna Grizzly Bear	медведя гризли из Велодины
Velveteen Half	из вельвета, половинный
Velveteen Wedge	из вельвета, клиновидной формы
Venat	Венат
Veneer	шпона
Venerer's	охотника
Venture	поручения
Venturous Kamuy	для призыва отважного камуя
Ventweed	жерлотравы
Verdant Loporrit-sized	с зеленью, по росту лопорритов
Verdant Shelf	с полками и зеленью
Vermilion Paper	из киноварно-красной бумаги
Vesper Bay	«Залив Веспер»
Vesper Bay Aetheryte	эфирита залива Веспер
Vested Emissary's	посланника в жилете
Veteran Tree	старого дерева
Veteran's Field	ветерана для полевых работ
Vibrant Archon	Архона яркого цвета
Vibrant Voices	«Звонкие голоса»
Vicegerent to the Warden	Наместника Стража
Victor	для призыва Виктора
Victory or Death	«Победа или смерть»
Victory-on-High	«Победа в вышине»
Vidofnir	Видофнира
Vigil Canopus	дозорного Канопуса
Viltgance	«Вильтганс»
Viltgance-type	типа «Вильтганс»
Vinegaroon	для призыва телифона
Vintage Half	старинного образца, половинный
Vintage Jester's	шута, старинного образца
Vintage Seneschal	сенешаля, старинного образца
Vintage Shepherd's	пастуха, старинного образца
Vintage Side	старинного образца, приставной
Vintage Smithy's	кузнеца, старинного образца
Vintage Viking	викинга, старинного образца
Viola	виолы
Violet	фиолетового цвета
Violet Archon	Архона фиолетового цвета
Violet Purple	фиалково-фиолетового цвета
Viper	вайпера
Viper-crested	с гербом гадюки
Virgin Basilisk	василиска, неоплодотворённое
Visitor's Winterwear	зимней одежды гостя
Visored	с забралом
Vitreobotany	стеклоботаники
Vitrescent	стекловидного вида
Vivid Pink	ярко-розового цвета
Voeburtite Handicraft	ремесленных изделий Воэбурта
Voice of no Return (Guitar)	«Голос, которому нет возврата» (Гитара)
Voice of no Return (Normal)	«Голос, которому нет возврата» (Обычная версия)
Void	Бездны
Void Blue	синего цвета Бездны
Voidcast Archfiend	архидемона, призванного из Бездны
Voidcast Savior	«Спаситель, призванный из Бездны»
Voidrake	пустокорня
Voidsent	порождений Бездны
Volatile Gravity Vacuum Suit	скафандра для нестабильной гравитации
Volcanic	вулканического происхождения
Volcanic Heart	Вулканического сердца
Volcanic Rock	вулканической каменной породы
Vongola	вонголе
Voor Sian Siran	«Вор Сиан Сиран»
Vorpal	стрижающего клинка
Voyager	«Путешественник»
Voyager Relic Restoration	для восстановления реликвии путешественников
Voyagers'	путешественников
Voyagers' High-purity	путешественников, высокой чистоты
Voyaging	путешествия
Vrtra	Вритры
Vulture	грифа
Vurgar the Loyal	для призыва Вургара Верного
Wachunpelo	«Вачунпело»
Wailers and Waterwheels	«Стражи и водяные колёса»
Wailers and Waterwheels (Piano Collections)	«Стражи и водяные колёса» (Фортепианные сборники)
Wake Doctor's Rubber	врача Бдения из резины
Wake Doctor's White	врача Бдения, белый
Walking	для прогулок
Wall Repair	для ремонта стены
Wall Repair Supplies	заготовок для ремонта стены
Wall-mounted	с креплением на стену
Wall-mounted Pot	с креплением на стену, для горшков
Walnut Dining	из ореха для обедов
Wandering	странника
Waning Sun	заходящего солнца
Wanyudo	для призыва Ванюдо
Wanyudo & Katasharin	Ванюдо и Катасарина
War Tiger	для призыва боевого тигра
Warbear	для призыва боевого медведя
Warded	с защитными чарами
Warlion	для призыва боевого льва
Warlord's	военачальника
Warming	согревания
Warming Up	«Разминка»
Warmth Necessity	предметов для сохранения тепла
Warmth Repair	для восстановления тепла
Warmwater	тёплой воды
Warp Loader	варп-погрузчика
Warped	искривлённой формы
Warring Lanner	для призыва воюющего ланнера
Warrior	воина
Warrior of Light	Воина Света
Warrior's Armor	с доспехами воина
Watcher	наблюдателя
Watcher's Palace Ceiling	дворца Наблюдателя, потолочная
Water Archon	водяного Архона
Water Bomb	для водяных бомбочек
Water Filter	водяного фильтра
Water Ward	защиты от воды
Waterfall	с водопадом
Waterfowl	водоплавающей птицы
Waterlight	водосвета
Waterproof	водонепроницаемого состава
Waterproof Cotton	из водонепроницаемого хлопка
Waterweed	водоросли
Watts	Уоттса
Watts's Anvil	«Наковальня Уоттса»
Waukkeon	Вауккеона
Wavy	с волнистым узором
Wayward Daughter	«Непокорная дочь»
Wayward Daughter (Chiptune Version)	«Непокорная дочь» (Чиптюн-версия)
Weak Blinding	слабого ослепления
Weak Paralyzing	слабого паралича
Weak Poisoning	слабого отравления
Weak Silencing	слабого безмолвия
Weak Sleeping	слабого сна
Weaponsmith's	оружейника
Weatherproof	с защитой от непогоды
Weaving	для ткачества
Weeping	плача
Weeping Cherry	плакучей вишни
Weevil	долгоносика
Weighing	для взвешивания
Weight of the World (Instrumental)	«Тяжесть мира» (Инструментальная версия)
Weight of the World (Prelude Version)	«Тяжесть мира» (Версия прелюдии)
Weighted Adamantite	из адамантита с утяжелением
Weird	странного вида
Welcome to Our Town! (Endwalker)	«Добро пожаловать в наш город!» (Странник конца)
Welcome to the Gold Saucer	«Добро пожаловать в Золотое блюдце»
Welcoming Red	красного цвета для встречи гостей
Welkin Half	небосвода, укороченные
Western La Noscea	Западной Ла Носкеа
Western Reach	Западного предела
Western Thanalan	Западного Таналана
Westward Tide	«Западный прилив»
Westward Tide (Piano Collections)	«Западный прилив» (Фортепианные сборники)
Wet Bombard	мокрой бомбарды
Whale	для призыва кита
Whale-class	класса «Кит»
Whale-class Bow	носовой части класса «Кит»
Whale-class Bridge	мостика класса «Кит»
Whale-class Pressure	класса «Кит», прочный
Whale-class Pressure Hull	прочного корпуса класса «Кит»
Whale-class Stern	кормы класса «Кит»
What Angel Wakes Me	«Какой ангел меня будит»
What Angel Wakes Me (Pulse)	«Какой ангел меня будит» (Пульс)
What Angel Wakes Me (Scions & Sinners: Amanda Achen Vocals)	«Какой ангел меня будит» (Наследники и грешники: вокал Аманды Эйчен)
What Angel Wakes Me (Scions & Sinners: Band)	«Какой ангел меня будит» (Наследники и грешники: группа)
What Angel Wakes Me (Scions & Sinners: Instrumental)	«Какой ангел меня будит» (Наследники и грешники: инструментальная версия)
What Is Love?	«Что такое любовь?»
What Moves the Heart	«Что трогает сердце»
What Once Was (Forge Ahead)	«То, что было» (Двигаться вперёд)
When a Tree Falls	«Когда падает дерево»
Where All Roads Lead	«Куда ведут все дороги»
Where Dæmons Abide	«Где обитают демоны»
Where the Heart Is	«Где сердце»
Whilom	из Уилома
Whilom River	«Река Уилом»
Whirlpool	водоворота
Whisper A-go-go	«Уиспер-а-го-го»
Whisper of the Land	«Шёпот земли»
Whisper-go	«Уиспер-го»
Whisperfine Wool	из нежной, словно шёпот, шерсти
Whisperfine Woolen	из нежной, словно шёпот, шерсти
Whispering Ash	из шепчущего ясеня
Whispering Maple	из шепчущего клёна
White Abalathian	Абалатии белого цвета
White Crafters'	ремесленника, белый
White Devil	«Белый дьявол»
White Embroidered	белого цвета с вышивкой
White Gatherers'	собирателя, белый
White Half	белого цвета, половинной высоты
White Hitsuji	белой овцы
White Inu	белой собаки
White Lace	из белого кружева
White Lanner	для призыва белого ланнера
White Mage	белого мага
White Marble	из белого мрамора
White Mor Dhonan	Мор Доны белого цвета
White Night	Белой ночи
White Oil	белого масла
White Painted Moogle	белого мугла с росписью
White Raven Armor	доспехов Белого ворона
White Rectangular	белого цвета, прямоугольная
White Snow, Black Steel	«Белый снег, чёрная сталь»
White Stone Black	«Белый камень, чёрный»
White Stone Black (Forge Ahead)	«Белый камень, чёрный» (Двигаться вперёд)
White Tea	белого чая
White Wraith	«Белый призрак»
Whitebrim Front	«Застава Уайтбрим»
Whitefrost	белого инея
Whitelip	белой губы
Who I Really Am	«Кто я на самом деле»
Wicked Thunder	Злого грома
Wicked Winds Whisper	«Шёпот злых ветров»
Wide Nozzle	широкой форсунки
Wide Spectrum #1	широкого спектра № 1
Wide Spectrum #2	широкого спектра № 2
Widespread Illness	«Повальная болезнь»
Wild	дикого происхождения
Wild Banana	дикого банана
Wild Coffee	дикого кофе
Wild Ride	необузданной езды
Wildflower	полевых цветов
Wildfowl	дикой птицы
Wildling's	дикаря
Wilds	Диких земель
Wilds Great Sword	Диких земель для двуручного меча
Wimple	покрывала
Wind Archon	ветряного Архона
Wind Chime	для ветряных колокольчиков
Wind Instrument	духового инструмента
Wind Silk Wedge	из ветрошёлка, клиновидной формы
Wind Ward	защиты от ветра
Wind on the Plains	«Ветер на равнинах»
Windlight	ветросвета
Windowed	с окном
Windsbalm Bay	лавра бальзама ветров
Windspath	Пути ветра
Windspath Gardens	«Сады Пути ветра»
Windswept Archfiend	архидемона ветров
Windswept Echoes	«Отголоски ветров»
Windswept Echoes (Orchestral Version)	«Отголоски ветров» (Оркестровая версия)
Windswept Echoes (Pulse 2)	«Отголоски ветров» (Пульс 2)
Windswept Whispers	«Шёпот ветров»
Windtea	ветряного чая
Wine	для вина
Wine Coupe	из винных чаш
Wine Red	винно-красного цвета
Wine-dark	тёмного винного цвета
Winsome Spring	очарования весны
Winter's Warm Boughs	«Тёплые ветви зимы»
Wintertide	зимней поры
Wintertide Sheath	зимней поры, футляр
Wintertide Trapper's	охотника зимней поры
Wiring Repair	для ремонта проводки
Wisteria Ceiling	глицинии для потолка
With Hearts Aligned	«С едиными сердцами»
Withered	увядшего вида
Wizard Eggplant	волшебного баклажана
Woad Blue	синего цвета вайды
Woad Whisper Canyon	«Каньон шёпота вайды»
Woe that Is Madness	«Горе, что есть безумие»
Wolf Cavalier's	волчьего кавалера
Wolf Fang	из волчьего клыка
Wolf Ranger's	волчьего следопыта
Wolf Scale	волчьей чешуи
Wolf Whipping	волка, плетёный
Wolfliege Long	волчьего владыки, длинные
Wolfseye Long	волчьего глаза, длинные
Wondrous Lanner	для призыва чудесного ланнера
Wondrous Whimsy	«Чудесная причуда»
Wood Slat	из деревянных планок
Wood Wailer's	Лесного стража
Wooden	из дерева
Wooden Frame	с деревянной рамой
Wooden Reel	из деревянной катушки
Wooden Staircase	с деревянной лестницей
Wooden Work	из дерева для работы
Woodland	лесного стиля
Woodworking	для плотницкого дела
Wool Knit	из вязаной шерсти
Woolback	шерстоспина
Woolen Cavalier's	кавалера из шерсти
Wootz Mitten	из вуца, рукавичного типа
Workbench	для верстака
Workbench Refining	для обработки верстака
Worker's	рабочего
Worker's Holy	святого состава для рабочего
Workshop	для мастерской
Workshop Expansion	для расширения мастерской
Workshop Sign	вывески мастерской
World Map	«Карта мира»
Worm	червя
Worm Fang	из клыка червя
Worm-eaten	изъеденного червями вида
Wormhole	червоточины
Worn Baggy Twill	из поношенной саржи, мешковатые
Worn Bell-bottom Twill	из поношенной саржи, расклешённые
Worn Twill	из поношенной саржи
Worqor Chirteh	Воркор Чирте
Worqor Lar Dor	«Воркор Лар Дор»
Worthy Pursuits	«Достойные стремления»
Wrapped Adamantite	из адамантита с обмоткой
Wrapped Ash	из ясеня с обмоткой
Wrapped Crowsbeak	воронова клюва с обмоткой
Wrapped Elm	из вяза с обмоткой
Wrapped Hawksbeak	ястребиного клюва с обмоткой
Wrapped Iron	из железа с обмоткой
Wrapped Maple	из клёна с обмоткой
Wrath of the Eikons	«Гнев эйконов»
Wrath of the Harrier	«Гнев охотника»
Wreck to the Seaman	«Крушение моряка»
Writing Utensil	письменной принадлежности
Wronghair	спутанных усов
Wrought Metallic	кованого металлического вида
Wuk Lamat	Вук Ламат
Wyrm's Armor	с доспехами дракона
Wyvernskin Field	для полевых работ из кожи виверны
Xande	Ксанде
Xanthic	жёлтого цвета
Xanthos	для призыва Ксантоса
Xbr'aal	шбраалов
Xelphatol Apple	зелфатольского яблока
Xelphatol Spring	источника Зелфатола
Xobr'it Cinderfield	«Пепельное поле Шобри'та»
Xobr'it Deadwood	сухостоя Шобри'та
Y'shtola	И'штолы
Yafaemi Chain	Яфаэми, кольчужные
Yak	яка
Yak Awak	Як Авака
Yak Awak Spring	источника Як Авака
Yak T'el Scale	чешуи Як Т'ела
Yak T'el Spring	источника Як Т'ела
Yakaku	якаку
Yan	для призыва яна
Yanxia	Янься
Yanxian Paladin's	паладина Янься
Yarn	для пряжи
Yat	ята
Yawn	«Зев»
Yedlihmad	«Йедлимад»
Yellow Archon	Архона жёлтого цвета
Yellow Copper	жёлтой меди
Yellow Copycube	жёлтого копикуба
Yellow Crafters'	ремесленника, жёлтый
Yellow Gatherers'	собирателя, жёлтый
Yellow Kudzu	жёлтого кудзу
Yellow Mor Dhonan	Мор Доны жёлтого цвета
Yellow O'Ghomoro	О'Гоморо жёлтого цвета
Yellow Onionroot	жёлтого луковичного корня
Yellow Peacock	жёлтого павлина
Yellow Sagolii	Саголии жёлтого цвета
Yellow Tea	жёлтого чая
Yellow Tinolqa	Тинолки жёлтого цвета
Yellow-pommed Moogle	мугла с жёлтым помпоном
Yesterland	«Земля былого»
Yiazmat	Иазмата
Yo-kai	ёкая
Yo-kai Watch	часов ёкаев
Yoichi	Ёити
Yojimbo	Ёдзимбо
Yojimbo & Daigoro	Ёдзимбо и Дайгоро
Yok Huy Handicraft	ремесленных изделий йок хуев
Yol	йола
Yotsuyu	Ёцую
Young Indigo	молодого индиго
Your Answer	«Твой ответ»
Your Answer (Orchestral Version)	«Твой ответ» (Оркестровая версия)
Ysayle	Изейль
Yu-no-hana	цветка горячего источника
Yugiri Mistwalker	Югири Идущей в тумане
Yugr'am	из Югр'ама
Yukinko	юкинко
Yuzuka Manor	«Поместье Юдзука»
Zadnor	Заднора
Zahar'ak	«Захар'ак»
Zanarkand (Modulation)	«Занарканд» (Модуляция)
Zebra	зебры
Zelenia	Зелении
Zeni	дзэни
Zenith	«Зенит»
Zenos Galvus	Зеноса Гальвуса
Zenos yae Galvus	Зеноса йе Гальвуса
Zeolite	цеолита
Zero	Зеро
Zero's Order Death	ордена Зеро, смерти
Zeromus	Зеромуса
Zidane Tribal	Зидана Трайбала
Ziggurat	«Зиккурат»
Zodiac	зодиака
Zodiark	Зодиарка
Zonure	поясохвоста
Zoraal Ja	Зораала Джа
Zorgor	Зоргора
Zormor Fan	Зормора веерной формы
Zormor Stone	Зормора из камня
Zu	зу
Zun Culinary	кулинарных принадлежностей зунов
Zundu	зунду
Zurvan	Зурвана
Zurvanite Carapace	панциря Зурвана
Whalaqee Angel Whisper	валаки: «Шёпот ангела»
Whalaqee Angel's Snack	валаки: «Ангельское угощение»
Whalaqee Breath of Magic	валаки: «Магическое дыхание»
Whalaqee Doom	валаки: «Обречённость»
Whalaqee Dragon Force	валаки: «Сила дракона»
Whalaqee Force Field	валаки: «Силовое поле»
Whalaqee Matra Magic	валаки: «Магия Матры»
Whalaqee Mighty Guard	валаки: «Могучая защита»
Whalaqee Moon Flute	валаки: «Лунная флейта»
Whalaqee Off-guard	валаки: «Врасплох»
Whalaqee Revenge Blast	валаки: «Взрыв мести»
Whalaqee Transfusion	валаки: «Переливание»
Whalaqee White Wind	валаки: «Белый ветер»
Tarred Velveteen	из просмолённого вельвета
Oasis Open-shelf	оазиса с открытыми полками
Oasis Ornate	оазиса с украшениями
Obsidian	из обсидиана
Odin's	Одина
Oschon Roselle	розеллы Ошона
Oyoroi	о-ёрой
Red Moonfire	красного лунного огня
Restaurant	ресторана
Reveling Kamuy	для призыва пирующего камуя
Riviera Open-shelf	ривьеры с открытыми полками
Rod of Nihility	жезла небытия
Round Wooden	из дерева, круглой формы
Seductive	соблазнения
South Seas Coelacanth	латимерии Южных морей
Stump	из пня
Survey Gatherer's	собирателя экспедиции
Tier 1	1-го уровня
Tier 1 Metal	1-го уровня, из металла
Tier 2	2-го уровня
Tier 2 Metal	2-го уровня, из металла
Tier 3	3-го уровня
Tier 3 Metal	3-го уровня, из металла
Tier 4	4-го уровня
Tier 4 Metal	4-го уровня, из металла
Violin	для скрипки
White Moonfire	белого лунного огня
Winter	для зимы
Wood Slice	из спилов дерева
Wooden Spiral	из дерева, винтовая
