A Sailor's Tale	Рассказ моряка
A-choo	Апчхи
AI Takeover	Захват управления искусственным интеллектом
Abacinate	Ослепление раскалённым металлом
Abominable Blink	Омерзительное мерцание
Abordage	Абордаж
Above Board	Над доской
Absent-mindedness	Рассеянность
Abundance	Изобилие
Abyss	Бездна
Abyssic Buster	Крушитель бездны
Acallam na Senorach	Беседы старейшин
Accelerate	Ускориться
Accelerated Landing	Ускоренная посадка
Accumulate Ice	Накопление льда
Acid Mekhane	Кислотная машина
Acid Pinax	Кислотная плита
Acorn Armageddon	Жёлудевый армагеддон
Acris	Саранча
Acrobatics	Акробатика
Acrocatics	Кошачья акробатика
Act of Mercy	Акт милосердия
Activate	Активация
Active-pivot Particle Beam	Луч частиц с активным поворотом
Actualize	Воплощение в реальность
Acupuncture	Иглоукалывание
Adikia	Несправедливость
Adit Cutter	Штольневый резак
Adit Driver	Проходчик штольни
Admonishment	Наставление
Advent of the Eighth	Пришествие Восьмого
Adventitious Lash	Неожиданный хлёсткий удар
Aerial Support: Bombardment	Воздушная поддержка: бомбардировка
Aerial Support: Swoop	Воздушная поддержка: пикирование
Aero Assault	Ветровое нападение
Aero Blast	Ветровой взрыв
Aero Dynamics	Динамика ветра
Aero III Assault	Нападение ветра 3
Aeroga IV	Великий ветер 4
Aeroquell	Усмирение ветра
Aerosnare	Ветровая ловушка
Aerospark	Ветровая искра
Aerotemporal Blast	Воздушно-временной взрыв
Aether-eater	Пожиратель эфира
Aetherial Absorbption	Эфирное поглощение
Aetherletting	Выпуск эфира
Aethermodynamics	Эфиродинамика
Aetherochar	Эфирное обугливание
Aetheromagnetism	Эфирный магнетизм
Aetheroplasm	Эфироплазма
Aetheroplasm Production	Производство эфироплазмы
Aetherosote	Эфирная смола
Aetherosynthesis	Эфирный синтез
Afflatus Azem	Вдохновение Азема
Afflatus Dawn	Вдохновение рассвета
Afflatus Exarch	Вдохновение Экзарха
Afflatus Venat	Вдохновение Венат
Aft-to-fore Fire	Обстрел с кормы к носу
Afterburn	Остаточное горение
Afterburner	Форсаж
Aftershock	Повторный толчок
Afterspark	Повторная искра
Aftward Blaster	Кормовой бластер
Again the Abyssal Celebrant	Снова служитель бездны
Again the Majestic	Снова величественный
Again the Martyr	Снова мученик
Agaricus	Шампиньон
Age of Endless Frost	Эпоха бесконечного мороза
Ageha	Бабочка-парусник
Ageless Serpent	Нестареющий змей
Aggravate	Усугубление
Agitated Groan	Взволнованный стон
Aglaea Bite	Укус Аглаи
Aglaea Climb	Восхождение Аглаи
Aglaea Shot	Выстрел Аглаи
Ahura Mazda	Ахура Мазда
Aim	Прицеливание
Aimed Shot	Прицельный выстрел
Aionagonia	Вечная агония
Aioniopyr	Вечный огонь
Air Bump	Воздушный толчок
Air Raid	Воздушный налёт
Air-to-surface Energy 	Энергия «воздух — земля»
Airborne Explosion	Взрыв в воздухе
Airburst	Воздушный подрыв
Aire Tam Storm	Буря Айр Там
Airship's Bane	Пагуба воздушного корабля
Airy Emptiness	Воздушная пустота
Airy Pursuit	Воздушная погоня
Akanthai: Act 1	Терния: акт 1
Akanthai: Act 2	Терния: акт 2
Akanthai: Act 3	Терния: акт 3
Akanthai: Act 4	Терния: акт 4
Akanthai: Act 5	Терния: акт 5
Akanthai: Curtain Call	Терния: выход на поклон
Akanthai: Finale	Терния: финал
Akh Afah	Круг вечности
Akh Morn's Edge	Лезвие круга смерти
Akh Rhai	Круг воздаяния
Alarm Pheromones	Тревожные феромоны
Alarum	Набат
Albion's Embrace	Объятие Альбиона
Alea Iacta Est	Жребий брошен
Aleforged Hammer	Молот, выкованный элем
Algedon	Страдание
Alicorn	Рог единорога
Alight	Приземление
All Cylinders	Все цилиндры
All Eyes	Все глаза
All Eyes on Me	Все взгляды на меня
All Things Ending	Конец всего
All Together Meow	Мяу все вместе
All for Naught	Всё напрасно
All for One	Все за одного
All in the Mind	Всё в разуме
Allagan Megaflare Strike	Удар аллаганской мегавспышки
Allegiant Arsenal	Арсенал верности
Allergen Injection	Инъекция аллергена
Alley-oop Double-dip	Навесной двойной прыжок
Alley-oop Inferno	Навесное пекло
Alley-oop Maelstrom	Навесной водоворот
Allfire	Всеобщий огонь
Ally	Союз
Almighty Racket	Всемогущий грохот
Almost Holy	Почти святость
Altar Candle	Алтарная свеча
Altar Flare	Алтарная вспышка
Altar Pyre	Алтарный костёр
Alternate Plumage	Смена оперения
Alternating Current	Переменный ток
Alternative End	Иной конец
Altitude	Высота
Altius	Выше
Amalgamight	Мощь слияния
Amalj'aa Artillery	Артиллерия амальдж'а
Amatsu: Kyo-uri	Небесный приём: удар Кё-ури
Ambient Pulsation	Окружающая пульсация
Ambuscade	Нападение из засады
Ame-no-Murakumo	Небесное скопление облаков
Ame-no-Sakahoko	Небесное обратное копьё
Amorphous Applause	Бесформенные аплодисменты
Amputation	Ампутация
Amra Flail	Размахивание амрой
Anabasis	Восхождение
Anaphylactic Shock	Анафилактический шок
Anemochory	Распространение ветром
Angry Salamander	Разгневанная саламандра
Angry Seas	Разъярённые моря
Angular Addition	Сложение углов
Ania	Скорбь
Animadversion	Осуждение
Animal Instinct	Животный инстинкт
Animate	Оживление
Ankle Graze	Ранение лодыжки
Annihilation	Аннигиляция
Annihilation Flare	Вспышка аннигиляции
Answer on High	Ответ свыше
Antediluvian	Допотопный ужас
Anthelion	Противосолнце
Anthine Needles	Цветочные иглы
Anthrabomb	Угольная бомба
Anti-air Particle Beam	Зенитный луч частиц
Anti-air Phaser Unlimited	Неограниченный зенитный фазер
Anti-hero Artillery	Противогеройская артиллерия
Anti-materiel Missile	Противотехническая ракета
Anti-personnel Build	Противопехотная сборка
Anti-personnel Laser	Противопехотный лазер
Anti-personnel Missile	Противопехотная ракета
Anti-warmachina Weaponry	Оружие против боевых машин
Antidote	Противоядие
Antilight	Антисвет
Antimatter	Антиматерия
Antipathy	Неприязнь
Antipodes	Противоположности
Antipressure	Противодавление
Antistrophe	Ответная строфа
Antitwilight	Антисумерки
Antlion March	Марш муравьиного льва
Anvil Lightning	Молния наковальни
Anvil of Tartarus	Наковальня Тартара
Apeiron	Беспредельное
Apitoxin	Пчелиный яд
Apodialogos	Разделённый диалог
Apolutrosis	Избавление
Apomnemoneumata	Воспоминания
Aporrhoia	Истечение
Aporrhoia Unforgotten	Незабытое истечение
Apotheosis	Обожествление
Appendicular Disseverment	Отсечение конечностей
Apply Shield Protocol	Применение протокола щита
Aquashatter	Водное раскалывание
Arachne Web	Паутина Арахны
Arachnid Funnel	Паучья воронка
Arachnid Web	Паучья паутина
Arashi	Буря
Arashi-no-Kiku	Хризантема бури
Arashi-no-Maiogi	Танцующий веер бури
Aratama	Буйный дух
Arcadia Aflame	Аркадия в огне
Arcadian Arcanum	Аркан Аркадии
Arcadian Hell	Ад Аркадии
Arcadion Avalanche	Лавина Аркадиона
Arcady Night Encore	Аркадийская ночь на бис
Arcady Night Fever	Лихорадка аркадийской ночи
Arch Inferno	Великое пекло
Archaeofury	Древнейшая ярость
Arche	Первоначало
Archive All	Архивирование всего
Archive Peripheral	Архивирование периферии
Area Bombardment	Бомбардировка по площади
Area Bombing Maneuver	Бомбовый манёвр по площади
Arm Graze	Ранение руки
Arm Laser	Ручной лазер
Arm Shot	Выстрел из руки
Arm Unit	Модуль руки
Arm and Hammer	Рука и молот
Armageddon	Армагеддон
Army Slayer	Убийца армий
Army of One	Армия одного
Arresting Gaze	Сковывающий взгляд
Arrogance Incarnate	Воплощённое высокомерие
Arrow Deluge	Потоп стрел
Arrow Trail	След стрелы
Arrowing Squall	Шквал стрел
Art of the Fluff	Искусство пуха
Art of the Swell	Искусство волнения
Art of the Sword	Искусство меча
Artistic Anarchy	Художественная анархия
As Above, So Below	Что вверху, то и внизу
Ascalon's Mercy	Милосердие Аскалона
Ascalon's Mercy Concealed	Скрытое милосердие Аскалона
Ascalon's Mercy Revealed	Раскрытое милосердие Аскалона
Ascalon's Might	Мощь Аскалона
Ascendance	Возвышение
Ascension	Вознесение
Ashes to Ashes	Прах к праху
Ashlayer	Слой пепла
Ashplume	Пепельное перо
Aspect	Аспект
Aspect Effect	Эффект аспекта
Asphyxiation	Асфиксия
Assail	Нападение
Assassin's Dagger	Кинжал убийцы
Assault Apex	Вершина нападения
Assault Cannon	Штурмовая пушка
Assault Carapace	Штурмовой панцирь
Assault Evolved	Усовершенствованное нападение
Assault I: Aerial Slash	Атака 1: воздушный разрез
Assault I: Crimson Cyclone	Атака 1: багровый циклон
Assault I: Downburst	Атака 1: нисходящий порыв
Assault I: Earthen Armor	Атака 1: земляная броня
Assault I: Glittering Topaz	Атака 1: блистающий топаз
Assault II: Flaming Crush	Атака 2: пламенное сокрушение
Assault II: Glittering Emerald	Атака 2: блистающий изумруд
Assault II: Mountain Buster	Атака 2: крушитель гор
Assault II: Shining Topaz	Атака 2: сверкающий топаз
Assault II: Slipstream	Атака 2: воздушный поток
Assignment	Назначение
Astrodyne	Звёздная сила
Asuran Claws	Когти асуры
Asuran Fists	Кулаки асуры
Asuri Chakra	Чакра асуры
Asymmetric Coif Change	Асимметричная смена причёски
Atma-Linga	Лингам души
Atropine Spore	Атропиновая спора
Attachment	Присоединение
Attack Order	Приказ атаковать
Attract	Притянуть
Attractant	Приманивающее вещество
Augmentation of Beacons	Усиление маяков
Augmentation of Roundels	Усиление кругов
Augmentation of Stones	Усиление камней
Augurium	Предзнаменование
Aura Burst	Всплеск ауры
Aura Cannon	Пушка ауры
Aura Curtain	Завеса ауры
Auralight	Свет ауры
Aureole	Ореол
Auri Arts	Искусства аура
Auri Cyclone	Циклон аура
Auri Doomstead	Роковой оплот аура
Authority Eternal	Вечная власть
Authority of the Anointed	Власть помазанника
Authority's Edge	Лезвие власти
Authorization: No Restrictions	Разрешение: без ограничений
Auto-cannons	Автоматические пушки
Auto-mobile Assault Cannon	Самоходная штурмовая пушка
Auto-mobile Sniper Cannon	Самоходная снайперская пушка
Auxiliary Power	Вспомогательная мощность
Avalanche	Лавина
Avalaunch	Лавинный запуск
Ave Maria	Радуйся, Мария
Avert Your Eyes	Отведи взгляд
Avian Motif	Птичий мотив
Awaken Guardian	Пробуждение стража
Away with Thee	Прочь с тобой
Away with You	Прочь с тобой
Axe Current	Поток топора
Axeglow	Сияние топора
Axioma	Аксиома
Azdaja's Shadow	Тень Аздаи
Azim Zephyr	Зефир Азима
a Bone Reborn	Возрождённая кость
Back-up Dance	Танец поддержки
Backbreaking Wave	Сокрушительная волна
Backhand Blow	Удар тыльной стороной руки
Backstep Shot	Выстрел с отступлением
Bafflement Bulb	Одурманивающая луковица
Balam Blaster	Залп Балама
Balance Asunder	Разрушение равновесия
Baleen Bomb	Бомба из китового уса
Bang Toss	Взрывной бросок
Banish Divided	Раздельное изгнание
Banish III Divided	Раздельное изгнание 3
Banish Storm	Буря изгнания
Bardam's Ring	Кольцо Бардама
Bare Fangs	Обнажить клыки
Bare Root Planting	Посадка голых корней
Barefisted Death	Смерть от голых кулаков
Barreling Smash	Стремительный сокрушительный удар
Barrier Shift	Смена барьера
Basking Beam	Согревающий луч
Basting Blade	Обжигающий клинок
Battering Arms	Молотящие руки
Battery Circuit	Контур батареи
Battlefield March	Марш поля боя
Beak Snap	Щелчок клювом
Beast Code	Код зверя
Beast Passant	Шествующий зверь
Beast Rampant	Вздыбленный зверь
Beck and Call to Arms	Призыв к оружию
Beckon Moonlight	Призыв лунного света
Beclouding Dust	Затуманивающая пыль
Bedeviling Light	Мучительный свет
Bedrock Uplift	Подъём коренной породы
Bee Sting	Пчелиное жало
Beetle Avatar	Аватар жука
Behind Barbs	Шипы сзади
Bellowing Grunt	Громкое хрюканье
Belone Bursts	Взрывы игл
Belone Coils	Кольца игл
Benighting Breath	Затмевающее дыхание
Bergy Bit	Обломок айсберга
Between the Eyes	Между глаз
Betwixt Worlds	Между мирами
Bewildering Blight	Озадачивающая порча
Beyond Defense	За пределами защиты
Beyond Strength	За пределами силы
Big Ripper Claw	Большой раздирающий коготь
Bilateral Ray	Двусторонний луч
Bile Below	Желчь снизу
Bile Bombardment	Обстрел желчью
Billowing Bolts	Вздымающиеся молнии
Bilrost Squall	Шквал Бильрёста
Biochemical Factor	Биохимический фактор
Biochemical Front	Биохимический фронт
Bionic Thrash	Бионическое избиение
Birdserk Rush	Рывок птицы-берсерка
Biscuit Maker	Пекарь печенья
Bite Fight	Битва укусов
Bite and Run	Укус и бегство
Biwa Breaker	Разрушитель бивы
Black Cat Crossing	Переход чёрной кошки
Blackened Rain	Почерневший дождь
Blade's Benison	Благословение клинка
Bladed Beak	Клюв-клинок
Blanket Thunder	Всеохватный гром
Blasphemous Howl	Кощунственный вой
Blassty Blaster	Взрывной бластер
Blassty Charge	Взрывной рывок
Blasting Snap	Взрывной щелчок
Blaze in Red	Алое пламя
Blazeloop and Repeat	Повторяющееся огненное кольцо
Blazeloop, Crossblaze	Огненное кольцо и огненный крест
Blind Faith	Слепая вера
Blindside Barrage	Обстрел из слепой зоны
Blizzaga Forte	Мощная Близзага
Blizzaga V	Близзага 5
Blizzard III Blowout	Выброс метели 3
Blood and Bone	Кровь и кости
Bloodcurdling Caw	Леденящее кровь карканье
Bloodshot Gaze	Налитый кровью взгляд
Blow Away	Сдуть прочь
Blow It All Down	Сдуть всё
Blow Kiss	Воздушный поцелуй
Blowing Bubbles	Выдувание пузырей
Blowing Ring of Fire	Раздуваемое огненное кольцо
Blown Blessing	Развеянное благословение
Blunt Arrow	Тупая стрела
Blustering Blink	Бурное мгновение
Blustery Ruler	Властелин бури
Bodkin Volley	Залп бронебойных стрел
Bodyhurt Breakblock	Разрушение преграды болью тела
Bodyweight Exorcism	Изгнание духов весом тела
Boil Over	Вскипание через край
Boiled Alive	Сварить заживо
Bold Boulder	Дерзкий валун
Bolt Flock	Стая молний
Bolting Hammer	Молниевый молот
Bolts from the Blue	Гром среди ясного неба
Bomb Out	Взрывной вылет
Bomb's Away	Бомба пошла
Bombs Away	Бомбы пошли
Bombshell Drop	Сброс бомбы
Book Drop	Падение книги
Booming Lament	Громогласный плач
Boon Void	Отмена благословения
Bosom Buddies	Закадычные друзья
Bot Retrieval	Возврат робота
Bottomless Desert	Бездонная пустыня
Bouncing Bomb	Прыгающая бомба
Bouncy Council	Прыгучий совет
Bowman's March	Марш лучника
Bragget Breath	Дыхание браггота
Brainhurt Breakblock	Разрушение преграды болью разума
Branch Out	Разветвление
Branding Flare	Клеймящая вспышка
Brawl Ender	Конец потасовки
Breach Blast	Проломный взрыв
Breakdown Drop	Падение с разбором
Breakwing Beat	Взмах сломанного крыла
Breath in Threes	Тройное дыхание
Breathy Duet	Дуэт дыхания
Brewing Storm	Назревающая буря
Briar Thorn	Шип терновника
Briary Growth	Разрастание терновника
Brightblade's Steel	Сталь светлого клинка
Brightened Fire	Разгоревшийся огонь
Brightsaber Dance	Танец светлых сабель
Brightwinged Flight	Полёт светлых крыльев
Brim Over	Перелив через край
Brimstone Earth	Серная земля
Bring Down the House	Обрушение зала
Briny Cannonade	Солёная канонада
Briny Tide	Солёный прилив
Broad Swing	Широкий взмах
Broadside Barrage	Обстрел бортовым залпом
Bronze Work	Работа с бронзой
Brow Horn	Лобовой рог
Brunt Force	Сила натиска
Brutal Beast Charge	Жестокий звериный рывок
Brute Force	Грубая сила
Brutish Swing	Зверский взмах
Brûlée	Опаление
Bubble Bath	Пенная ванна
Bubo Burst	Разрыв бубона
Bubonic Cloud	Бубонное облако
Buccal Cones	Ротовые конусы
Budding Thorns	Прорастающие шипы
Buffeted Puffs	Удары струями воздуха
Builder's Build	Творение строителя
Building Heat	Нарастание жара
Buller's Drop	Падение Буллера
Bullet Hell	Пулевой ад
Bunker Buster	Разрушитель бункеров
Burgeoning Dread	Нарастающий ужас
Burn Mark	След ожога
Burning Battlements	Горящие укрепления
Burning Bright	Яркое горение
Burning Coals	Горящие угли
Burning Court	Горящий двор
Burning Keep	Горящая крепость
Burning Lover	Пылающий влюблённый
Burning Memories	Горящие воспоминания
Burning Moat	Горящий ров
Burning Rave	Пылающий разгул
Burnt Strike	Обжигающий удар
Burr Burrow	Зарывание колючки
Burr Fester	Нагноение колючки
Burst Flare	Взрывная вспышка
Bush Bash	Удар куста
Buster Knuckles	Сокрушительные кулаки
Butterfly Float	Парение бабочки
Byregot's Spire	Шпиль Бирегота
Byregot's Strike	Удар Бирегота
Caber Toss	Бросок бревна
Cactus Crush	Кактусный удар
Cadaveric Spasm	Трупный спазм
Caerustellar Collision	Столкновение синей звезды
Calamity's Edge	Лезвие катастрофы
Calamity-blade Sigil	Печать клинка катастрофы
Calcifying Mist	Окаменяющий туман
Calculated Combustion	Расчётное возгорание
Calculated Trajectory	Рассчитанная траектория
Call Beast	Призыв зверя
Call Controlled Burn	Призыв управляемого огня
Call Dimension Blade	Призыв клинка измерений
Call Fire Shot	Призыв огненного выстрела
Call Me Honey	Зови меня милой
Call Raze	Призыв уничтожения
Call Strategic Raid	Призыв стратегического налёта
Call Wyvern	Призыв виверны
Callous Crossfire	Безжалостный перекрёстный огонь
Calm Waters	Спокойные воды
Caloric Theory	Теория теплорода
Can't Touch This	Не дотронешься
Candescent Ray	Раскалённый луч
Cannonball Ricochet	Рикошет пушечного ядра
Canonize Coordinates	Освящение координат
Canopy Carve	Разрез полога
Cap Bump	Толчок шляпкой
Capricious Breeze	Капризный ветерок
Captive Bolt	Невольная молния
Carapace > Fore Arms 2.0	Панцирь в передние руки, версия 2.0
Carapace > Rear Guns 2.0	Панцирь в задние пушки, версия 2.0
Carbonaceous Combustion	Углеродное горение
Carbuncle's Devotion	Преданность карбункула
Carcharian Verve	Акулий пыл
Card Trick	Карточный фокус
Cardinal Horizons	Основные горизонты
Cardinal Shift	Кардинальный сдвиг
Caribou Kick	Удар карибу
Carnage Zero	Резня: ноль
Carnem Levare	Отказ от плоти
Carpet Beater	Выбивание ковра
Carpet Bomb	Ковровая бомбардировка
Carpet Ride	Полёт на ковре
Carrot and Ruin	Морковь и разрушение
Carving Rune	Вырезание руны
Cast Judgment	Вынесение приговора
Cast Shadow	Отбрасывание тени
Cast-off Halo	Отброшенный нимб
Casualty Prevention	Предотвращение потерь
Cat o' Nine Tails	Девятихвостая плеть
Cat's Eye	Кошачий глаз
Catching Chaos	Уловить хаос
Catching Claws	Цепкие когти
Catching Fire	Возгорание
Catchoo!	Кошачье чихание
Caudal Swipe	Хвостовой взмах
Ceaseless Current	Непрерывный поток
Ceetol Ja's Elixir	Эликсир Ситол Джа
Ceetol Ja's Potion	Зелье Ситол Джа
Celebrate Good Times	Празднование добрых времён
Cell Division	Деление клеток
Cell Shedding	Отделение клеток
Centaur's Charge	Рывок кентавра
Centerstage Combo	Комбинация в центре сцены
Central Gardening	Центральное садоводство
Cermet Drill	Металлокерамический бур
Cermet Pile	Металлокерамическая свая
Certain Solitude	Несомненное одиночество
Cerulean Ray	Лазурный луч
Cetacean Rage	Китовая ярость
Chained Blaze	Прикованное пламя
Champion's Circuit	Круг чемпиона
Changeless Winds	Неизменные ветры
Changeling's Fantasia	Фантазия подменыша
Channeled Rage	Направленная ярость
Chaos-condensed Particle Beam	Луч частиц сгущённого хаоса
Chaotic Dispersion	Хаотическое рассеивание
Chaotic Undercurrent	Хаотическое подводное течение
Charge Blaster	Заряд бластера
Charge Eradicated	Уничтожение заряда
Charge and Hammer	Рывок и молот
Charged Aether Mortar	Заряженная эфирная мортира
Charged Lightning	Заряженная молния
Charged Volley Fire	Заряженный залповый огонь
Charged Whisker	Заряженный ус
Charming Baubles	Очаровательные безделушки
Charming Chasse	Чарующее шассе
Charméd Flight: Four Nights	Зачарованный полёт: четыре ночи
Charnel Claw	Могильный коготь
Charring Cataclysm	Испепеляющая катастрофа
Chart Course	Прокладка курса
Chasm Carver	Прорубание пропасти
Chasmic Nails	Гвозди пропасти
Chastening Heat	Карающий жар
Check Out	Выселение
Chelic Vector	Хелицерный вектор
Chesed Gevurah	Хесед и Гвура
Chest Thump	Удар по груди
Chicken Knife	Нож труса
Child's Play	Детская игра
Chilling Aspiration	Леденящий вдох
Chilling Chirp	Леденящее щебетание
Chilling Draft	Леденящий сквозняк
Chimeric Succession	Химерическая преемственность
Chimney Smack	Удар дымовой трубой
Chirp-o'-the-wisp	Щебетание блуждающего огонька
Chitinous Advance	Хитиновое наступление
Chitinous Reversal	Хитиновый разворот
Chitinous Trace	Хитиновый след
Chivalric Rush	Рыцарский рывок
Choco Comet Burst	Взрыв кометы чокобо
Choco Doublades	Двойные клинки чокобо
Choco Maelfeather	Перьевой вихрь чокобо
Choco Meteoruption	Метеоритное извержение чокобо
Choking Grasp	Удушающая хватка
Choking Hazard	Угроза удушья
Chopping Block	Плаха
Choros Ixou	Танец омелы
Churning Deep	Бурлящая глубина
Circuit Shock	Разряд контура
Circular Saw	Дисковая пила
Circumscribed Fire	Очерченный огонь
Circumzenithal Arc	Околозенитная дуга
Civilization Buster	Разрушитель цивилизации
Clamorous Chase	Шумная погоня
Clanging Blow	Лязгающий удар
Classical Sculpture	Классическая скульптура
Claw and Tail	Коготь и хвост
Claw to Tail	От когтя к хвосту
Clawing Shadow	Царапающая тень
Clean Cut	Чистый разрез
Clearing Smoke	Рассеивающийся дым
Climate Change	Смена климата
Climbing Shot	Восходящий выстрел
Clockwork Medium	Заводной посредник
Clockwork Raiton	Заводной Райтон
Close Call to Detonate	Близкий сигнал взрыва
Close Quarters	Ближний бой
Close-quarter Crescendo	Крещендо ближнего боя
Cloud Call	Призыв облака
Cloud to Cloud	Межоблачный разряд
Cloud to Ground	Разряд из облака в землю
Clouded Stream	Затуманенный поток
Cloudy Heavens	Облачные небеса
Cloying Stench	Приторная вонь
Cobalt Bomb	Кобальтовая бомба
Code Chi-Xi-Stigma	Код: хи-кси-стигма
Code Execution	Выполнение кода
Coeurl Whisper	Шёпот куэрла
Cogito Ergo Sum	Мыслю, следовательно существую
Coif Change	Смена причёски
Coiling Ivy	Вьющийся плющ
Coin Toss	Бросок монеты
Cold Feat	Морозный подвиг
Cold Feet	Холодные ноги
Cold Spot	Холодная точка
Collateral Bioball	Побочный биошар
Collateral Damage	Сопутствующий урон
Collateral Gas Jet	Побочная струя газа
Collector's Glove	Перчатка коллекционера
Color Clash	Столкновение цветов
Color Riot	Буйство красок
Combusting Blades	Горящие клинки
Come Hither	Иди сюда
Come One, Come All	Подходите все
Come at Me Kupo	Давай нападай, купо
Comet Impact	Удар кометы
Cometeor Strike	Удар малого метеора
Coming Storm	Надвигающаяся буря
Command: Chain Cannon	Приказ: цепная пушка
Command: Dive Formation	Приказ: пикирующий строй
Command: Infrared Blast	Приказ: инфракрасный залп
Command: Joint Attack	Приказ: совместная атака
Command: Linear Dive	Приказ: прямолинейное пикирование
Command: Suppressive Formation	Приказ: подавляющий строй
Commence Air Strike	Начать воздушный удар
Company Aegis	Эгида роты
Company Brand	Клеймо роты
Complete Control	Полный контроль
Compound Pod: R011	Составной под: эр-011
Compound Pod: R012	Составной под: эр-012
Compression Beam	Луч сжатия
Concentrated Burst	Сосредоточенный взрыв
Concentrated Dose	Концентрированная доза
Concerted Dissolution	Совместное растворение
Concurrent Field	Одновременное поле
Concussive Oscillation	Сотрясающее колебание
Condensed Aero II	Сгущённый ветер 2
Condensed Anti-air Particle Beam	Сгущённый зенитный луч частиц
Condensed Wide-angle Particle Beam	Сгущённый широкоугольный луч частиц
Conduction Point	Точка проводимости
Conflag Strike	Удар пожара
Conjured Stone	Призванный камень
Constricting Evisceration	Сдавливающее потрошение
Constructive Figure	Созидательная фигура
Continual Meddling	Непрерывное вмешательство
Control Tower	Башня управления
Controlled Explosion	Управляемый взрыв
Convenient Self-destruction	Своевременное самоуничтожение
Convulsive Crush	Судорожное сокрушение
Coordinate March	Согласованный марш
Copy Program	Копирование программы
Coral Trident	Коралловый трезубец
Core Combustion	Горение ядра
Core-lateral Phaser	Боковой фазер ядра
Coriolis Kick	Кориолисов удар ногой
Corporal Punishment	Телесное наказание
Corpse Mangler	Терзатель трупов
Corrupted Crystals	Осквернённые кристаллы
Corrupted Tail	Осквернённый хвост
Corruptor's Pitch	Смола осквернителя
Coruscant Saber	Сверкающая сабля
Cottontail Cyclone	Кроличий циклон
Cough Up	Откашливание
Counter Maneuvers	Ответные манёвры
Counter Parry	Ответное парирование
Counter Stance	Ответная стойка
Countless Needles	Бесчисленные иглы
Coursing River	Стремительная река
Cover Fire	Огонь прикрытия
Cover to Cover	От корки до корки
Covering Fire	Прикрывающий огонь
Coward's Cunning	Хитрость труса
Crab Dribble	Крабье ведение мяча
Crackle Hiss	Треск и шипение
Crane Game	Игра с краном
Crash: White	Крушение: белый
Crater Carve	Выбивание кратера
Cratering Chill	Кратерный холод
Crazed Rampage	Безумное буйство
Creation on Command	Созидание по приказу
Creme Brulee	Крем-брюле
Crepuscular Ray	Сумеречный луч
Crepuscule Blade	Сумеречный клинок
Crescent Blade	Серповидный клинок
Crewel Slice	Разрез вышивки
Crime and Punishment	Преступление и наказание
Crippling Blow	Калечащий удар
Critical Axeblow	Критический удар топором
Critical Dual Storage Violation	Критическое двойное нарушение хранилища
Critical Lanceblow	Критический удар копьём
Critical Storage Violation	Критическое нарушение хранилища
Croaking Chorus	Квакающий хор
Cronos Sling	Праща Кроноса
Crop Rotation	Севооборот
Cross Barby	Перекрёстная жарка
Crossblaze and Repeat	Повторяющийся огненный крест
Crossblaze, Blazeloop	Огненный крест и огненное кольцо
Crossfire Blade	Клинок перекрёстного огня
Crossing Crosswinds	Пересекающиеся боковые ветры
Crowd Brûlée	Опаление толпы
Crowd Kill	Убийство толпы
Crown Play	Игра короны
Cruise Missile	Крылатая ракета
Crumbling Crust	Рушащаяся кора
Crumbling Down	Обрушение
Crumbling Sky	Рушащееся небо
Crush Accessory	Разрушение украшения
Crush Armor	Разрушение доспеха
Crush Helm	Разрушение шлема
Crush Weapon	Разрушение оружия
Crustal Dynamics	Динамика земной коры
Cryptic Flames	Загадочные огни
Cryptic Poem	Загадочная поэма
Cryptic Portal	Загадочный портал
Crystallize Time	Кристаллизация времени
Cubic Ray	Кубический луч
Culinary Affection	Кулинарная любовь
Culling Blade	Карающий клинок
Cunning Keywork	Хитрое плетение ключей
Curing Choreia	Исцеляющий хоровод
Curling Iron	Щипцы для завивки
Current Leakage	Утечка тока
Cursed Casting	Проклятое колдовство
Curtains for Rank 5	Занавес для ранга 5
Cut and Run	Удар и бегство
Cutback Blaze	Возвратное пламя
Cutting Jewel	Режущий самоцвет
Cyclonic Separation	Циклонное разделение
Cycloswords Unsheathed	Обнажённые круговые мечи
Da'at	Даат
Dactail to Turnspit	Удар хвостом и вращение на вертеле
Dad Joke	Папина шутка
Dainty Step	Изящный шаг
Damnation Dive	Пикирование проклятия
Dance to Dust	Танец до праха
Dancing Mad	Безумный танец
Danse Macabre	Пляска смерти
Dark Arrivisme	Тёмный карьеризм
Dark Design	Тёмный замысел
Dark Elusive Jump	Тёмный неуловимый прыжок
Dark Ewer	Тёмный кувшин
Dark Matter Blast	Взрыв тёмной материи
Dark Passenger	Тёмный пассажир
Dark Propolis	Тёмный прополис
Dark Spineshatter Dive	Тёмное пикирование с переломом хребта
Dark Wyrmtail	Тёмный хвост змия
Dark Wyrmwing	Тёмное крыло змия
Dark and Light	Тьма и свет
Dark's Course	Путь тьмы
Dark-energy Particle Beam	Луч частиц тёмной энергии
Darkblaze Twister	Вихрь тёмного пламени
Darkdragon Dive	Пикирование тёмного дракона
Darkened Blaze	Затемнённое пламя
Darkening Deluge	Темнеющий потоп
Darkening Rainfall	Темнеющий ливень
Darker Note	Более тёмная нота
Darkest Dance	Темнейший танец
Darkfire Dive	Пикирование тёмного огня
Darklit Dragonsong	Тёмная песнь драконов
Darkness Unleashed	Освобождённая тьма
Darksteel Reins	Поводья из тёмной стали
Dartboard of Dancing Explosives 	Мишень танцующих взрывов
Dashing Cut	Стремительный разрез
Dawn's Edge	Грань рассвета
Dawn's Promise	Обещание рассвета
Dawnlit Bolt	Молния рассвета
Daylight Pommery	Дневное помпонное озорство
Dead Alive	Мёртвый заживо
Dead Man's Blastpipe	Взрывная труба мертвеца
Dead Man's Dirge	Погребальная песнь мертвеца
Dead Man's Express	Экспресс мертвеца
Dead Man's Windpipe	Дыхательное горло мертвеца
Dead Outside	Мёртвый снаружи
Dead Space	Мёртвое пространство
Dead in their Tracks	Смерть на месте
Dead or Alive	Живым или мёртвым
Dead or Undead	Мёртвый или неживой
Dead-eyed Glare	Взгляд мёртвых глаз
Deadly Demesne	Смертельное владение
Deadly Dustcloak	Смертельный пылевой покров
Deadly Hold	Смертельный захват
Deadly Toxin	Смертельный токсин
Deafening Bellow	Оглушительный рёв
Death Foreseen	Предвиденная смерть
Death by Claw	Смерть от когтя
Death by Ilms	Смерть по дюйму
Death's Door	Врата смерти
Death's Journey	Путь смерти
Deathly Cadenza	Смертельная каденция
Deathly Whisk	Смертельный взмах
Debilitating Spout	Изнуряющий фонтан
Decisive Battle	Решающая битва
Deep Aerial	Глубокий воздушный трюк
Deep Darkside	Глубокая тёмная сторона
Deep Depression	Глубокая впадина
Deep Varial	Глубокий вариал
Deep Vigor	Глубинная бодрость
Deepshadow Nova	Вспышка глубокой тени
Deer Stalker	Олений охотник
Defensive Protocols	Защитные протоколы
Defilers' Deserts	Воздаяние осквернителям
Delay-action Charge	Заряд замедленного действия
Delusion Dust	Пыль заблуждения
Demigod Double	Двойник полубога
Demithunder III	Полугром 3
Demolish Structure	Снос сооружения
Demolition Deathmatch	Разрушительная смертельная схватка
Demon Simulation	Моделирование демона
Demoniacal Mogcane	Демоническая муглотрость
Deploy Armaments	Развёртывание вооружения
Deploy Defenses	Развёртывание защиты
Derailment Siege	Осада сходом с рельсов
Desert Spice	Пустынная пряность
Despair Unforgotten	Незабытое отчаяние
Deterrent Pulse	Сдерживающий импульс
Devastating Bolt	Опустошительная молния
Devil Eye	Глаз дьявола
Devil's Quarter	Квартал дьявола
Devour Soul	Пожирание души
Devouring Brand	Пожирающее клеймо
Dextral Icecleave	Правый ледяной разрез
Diabolic Chimney	Дьявольская дымовая труба
Diabolic Headlamp	Дьявольская фара
Diagrammatic Doorway	Схематический дверной проём
Dibrid Blaster	Двугибридный бластер
Dichroic Spectrum	Двухцветный спектр
Diffuse Wave Cannon Kyrios	Рассеивающая волновая пушка Кириос
Diffusive-force Particle Beam	Рассеивающий силовой луч частиц
Digested Juice	Переваренный сок
Dimension Zero	Нулевое измерение
Dimensional Torsion	Скручивание измерений
Diminutive Dualcast	Уменьшенное двойное колдовство
Dire Straits	Отчаянное положение
Direct Seeding	Прямой посев
Director's Belone	Иглы распорядителя
Director's Order	Приказ распорядителя
Disaster Zone	Зона бедствия
Disastrous Spell	Гибельное заклинание
Discerning Eye	Проницательный глаз
Dischordant Cleansing	Неблагозвучное очищение
Dischordant Damnation	Неблагозвучное проклятие
Disco Infernal	Адская дискотека
Discordant Harmony	Разноголосая гармония
Discrete Magick	Раздельная магия
Disengage Hatch	Открытие люка
Dishonor's Discord	Раздор бесчестья
Disillusioning Swing	Отрезвляющий взмах
Dismal Roar	Мрачный рёв
Dismissal Overruling	Отмена приговора изгнанием
Dismissal Ruling	Приговор изгнания
Disorienting Groan	Дезориентирующий стон
Dispassionate Kick	Бесстрастный удар ногой
Dispel Card	Карта рассеивания
Dispelling Wind	Рассеивающий ветер
Dispense Explosives	Раздача взрывчатки
Dispersed Aero II	Рассеянный ветер 2
Disquieting Gleam	Тревожный отблеск
Disruption Field	Поле нарушения
Disruption Wave	Волна нарушения
Distant Tune	Далёкая мелодия
Dive Formation	Пикирующий строй
Dive from Grace	Падение из благодати
Divers' Dare	Вызов ныряльщикам
Divesting Gale	Обнажающий шквал
Divide Et Impera	Разделяй и властвуй
Divide and Conquer	Разделяй и завоёвывай
Divide by Five	Деление на пять
Divide by Four	Деление на четыре
Divide by Three	Деление на три
Divide et Impera	Разделяй и властвуй
Dividing Wings	Разделяющие крылья
Divine Awakening	Божественное пробуждение
Divine Denial	Божественное отрицание
Divine Desire	Божественное желание
Divine Diminuendo	Божественное диминуэндо
Divine Doubt	Божественное сомнение
Divine Excoriation	Божественное бичевание
Divine Ruination	Божественное разрушение
Do the Hustle	Танцуй хастл
Do the Hustle & Drop the Needle	Танцуй хастл и опусти иглу
Dominion Slash	Разрез владычества
Doom Impending	Надвигающаяся гибель
Dooming Force	Обречённая сила
Doping Draught	Допинговый глоток
Double Axe Handle	Удар двумя сцепленными руками
Double Hex Eye	Двойной проклинающий глаз
Double Kasumi-giri	Двойной разрез тумана
Double Misdirect	Двойное ложное направление
Double Sobat	Двойной удар ногой с разворота
Double-edged Swords	Обоюдоострые мечи
Double-trouble Trap	Ловушка двойной беды
Doubled Impact	Удвоенный удар
Drachen Armor	Драконий доспех
Draconiform Motion	Драконообразное движение
Dragonfly Avatar	Аватар стрекозы
Drain Aether	Поглощение эфира
Draw Steel	Обнажение стали
Dreamweave Cocoon	Кокон сплетённых снов
Drear Rising	Восхождение уныния
Drifting Petals	Парящие лепестки
Dripping Fang	Сочащийся клык
Driving Frost	Налетающий мороз
Drowning Mist	Топящий туман
Drowsy Dance	Сонный танец
Drunken Fists	Пьяные кулаки
Dual Pyres	Два костра
Dual Storage Violation	Двойное нарушение хранилища
Dual-flank Cannons	Двуфланговые пушки
Dualfist Flurry	Шквал двух кулаков
Dubious Tulidisaster	Сомнительная туликатастрофа
Duel Descent	Спуск на дуэль
Dunur Strike	Удар Дунура
Duplicitous Battery	Коварная батарея
Dust Bluster	Пыльный шквал
Dust to Dust	Прах к праху
Duty's Edge	Грань долга
Dwarven Decking	Дварфский нокаут
Dwarven Demolition	Дварфский снос
Dying Memory	Умирающая память
Dynamic Dominance	Динамическое господство
Dynamic Sensory Jammer	Динамический глушитель чувств
Dynastic Diadem	Династическая диадема
Dynastic Flame	Династическое пламя
Earth Quaker	Сотрясатель земли
Earth-rending Eight	Восьмёрка, разрывающая землю
Earth-shattering Particle Beam	Луч частиц, сокрушающий землю
Earthbound Heaven	Небеса на земле
Earthen Auger	Земляной бур
Earthen Gauntlets	Земляные рукавицы
Earthen Wheels	Земляные колёса
Earthly Dance	Земной танец
Earthy Breath	Землистое дыхание
East Wind	Восточный ветер
Easterly Shift	Сдвиг на восток
Eastern Ewers	Восточные кувшины
Eastward March	Марш на восток
Eastwind Wheel	Колесо восточного ветра
Eclipsing Exhaust	Затмевающий выхлоп
Ectoplasmic Ray	Эктоплазменный луч
Eerie Light	Жуткий свет
Efficient Bladework	Умелая работа клинком
Ego Death	Смерть эго
Ego Eris	Ты станешь мной
Eight Star	Восемь звёзд
Eightfold Suffering	Восьмикратное страдание
Eighth Beats	Восьмые удары
Ein Sof	Эйн Соф
Ein Sof Ohr	Эйн Соф Ор
Elbow Drop	Падение локтем
Elddragon Dive	Пикирование древнего дракона
Electric Anvil	Электрическая наковальня
Electric Slide	Электрическое скольжение
Electric Velitation	Электрическая стычка
Electrical Overload	Электрическая перегрузка
Electrified Gunshield	Электризованный пушечный щит
Electrifying Conduction	Электризующая проводимость
Electrifying Flight	Электризующий полёт
Electrifying Witch Hunt	Электризующая охота на ведьм
Electrochemical Reaction	Электрохимическая реакция
Electrochemical Transfer	Электрохимический перенос
Electrolance Assimilation	Ассимиляция электрокопья
Electromagnetic Blockade	Электромагнитная блокада
Electromagnetic Repellant	Электромагнитное отталкивание
Electron Stream	Поток электронов
Electrope Edge	Электроповое лезвие
Electrope Transplant	Пересадка электропа
Electrostatic Contact	Электростатический контакт
Electrostatic Trouncing	Электростатическое избиение
Elegant Evisceration	Изящное потрошение
Elegeia Unforgotten	Незабытая элегия
Elemental Angst	Стихийная тревога
Elemental Belone	Стихийные иглы
Elevate and Eviscerate	Подъём и потрошение
Elusive Super Jump	Неуловимый сверхпрыжок
Embalming Earth	Бальзамирующая земля
Embittered Dance	Озлобленный танец
Embrittling Blade	Охрупчивающий клинок
Embroiling Flame	Втягивающее пламя
Emergency Cooldown	Аварийное охлаждение
Emergency Liftoff	Аварийный взлёт
Emergency Override	Аварийное управление
Emergency Quarantine	Аварийный карантин
Eminent Reign	Возвышенное правление
Emissary's Will	Воля посланника
Empirical Research	Опытное исследование
Empower Beast	Усиление зверя
Empty Beleaguer	Пустая осада
Empty Plane	Пустая плоскость
Empty Proclamation	Пустое провозглашение
Empty Salvation	Пустое спасение
Empty Souls' Caliber	Калибр пустых душ
Empyrean Iniquity	Небесное беззаконие
Encircling Thorns	Окружающие шипы
Encroaching Twin Tides	Надвигающиеся двойные приливы
Encroaching Twintides	Надвигающиеся двойные приливы
Endangered Flare	Угрожающая вспышка
Endeath IV	Смертельное зачарование 4
Endless Slashes	Бесконечные разрезы
Endless Swipes	Бесконечные взмахи
Endsong's Aporrhoia	Апорройя последней песни
Energizing Equilibrium	Заряжающее равновесие
Energy Generation	Выработка энергии
Enervating Gloom	Изнуряющий мрак
Enfeebling Trap	Ослабляющая ловушка
Enforcement Ray	Принуждающий луч
Engage Ballistics Systems	Включение баллистических систем
Engage Goliath Tank Support	Вызов танковой поддержки Голиафа
Engage Marx Support	Вызов поддержки Маркса
Enkindle: Aerial Blast	Воспламенение: воздушный взрыв
Enkindle: Earthen Fury	Воспламенение: гнев земли
Enkindle: Inferno	Воспламенение: пекло
Ensemble Assemble	Сбор ансамбля
Ensorcel: Aero III	Зачарование: ветер 3
Ensorcel: Stone III	Зачарование: камень 3
Enspirited Swordplay	Одухотворённое фехтование
Entangled Pyre	Опутанный костёр
Entangling Web	Опутывающая паутина
Enter Night	Наступление ночи
Entr'acte	Антракт
Epea Pteroenta	Крылатые слова
Epic Brotherhood	Эпическое братство
Epic Stormsplitter	Эпический рассекатель бури
Epicenter Shock	Удар эпицентра
Epigraphic Fire II	Эпиграфический огонь 2
Equal Concentration	Равная концентрация
Equal Weight	Равный вес
Erase Gravity	Стирание гравитации
Erosion Darts	Разъедающие дротики
Erosive Eye	Разъедающий глаз
Errant Akasa	Блуждающая акаша
Erupting Pain	Извергающаяся боль
Eruption Forte	Мощное извержение
Eruptive Leap	Извергающий прыжок
Escelons' Fall	Падение эшелонов
Esoteric Dyad	Тайная двойственность
Esoteric Finisher	Тайный завершающий удар
Esoteric Instruction	Тайное наставление
Esoteric Scrivening	Тайное писание
Esoteric Sect	Тайная секта
Etesian Axe	Топор этезий
Eudaimon Eorzea	Благоденствие Эорзеи
Euhedral Swat	Удар правильного кристалла
Eurekan Aero	Ветер Эврики
Everyone's Grudge	Всеобщая злоба
Evil Curl	Злой локон
Evil Scheme	Злой замысел
Evil Tress	Злая прядь
Exaflare Strike	Удар эксавспышки
Exaflare's Edge	Грань эксавспышки
Exalted Detriment	Возвышенная пагуба
Exalted Plumes	Возвышенные перья
Exalted Wing	Возвышенное крыло
Exalted Wobble	Возвышенное колебание
Excruciating Equilibrium	Мучительное равновесие
Execution Model	Модель казни
Execution Wheel	Колесо казни
Executioner's Sword	Меч палача
Executor Summons	Призыв исполнителя
Exhausted Ego	Истощённое эго
Existential Dread	Страх существования
Experimental Ashplume	Опытное пепельное перо
Exploding Catapult	Взрывающаяся катапульта
Explosive Countdown	Взрывной отсчёт
Explosive Dehiscence	Взрывное раскрытие
Explosive Ending	Взрывной конец
Explosive Juggling	Жонглирование взрывчаткой
Explosives Distribution	Распределение взрывчатки
Extensible Tendrils	Удлиняющиеся усики
Extermination Sequence	Последовательность уничтожения
Extinction Flare	Вспышка вымирания
Extinction Impact	Удар вымирания
Extremely Bad Breath	Крайне дурное дыхание
Eyes for You	Глаза для тебя
Eyes on Me	Все глаза на меня
Fabled Hope	Легендарная надежда
Fableflight by Emberlight	Сказочный полёт при свете углей
Fableflight by Pyrelight	Сказочный полёт при свете костра
Fabulous Firecrackers	Сказочные петарды
Face First	Лицом вперёд
Face Off	Противостояние
Facet Potion	Зелье грани
Factor In	Учёт фактора
Fade to Shadow	Растворение в тени
Fae Trap	Ловушка фей
Fair Flight	Прекрасный полёт
Faith Unmoving	Непоколебимая вера
Falling Dusk	Сгущающиеся сумерки
Falling Phoenix	Падающий феникс
Falling Rubble	Падающие обломки
False Demon Eye	Ложный демонический глаз
False Midnight	Ложная полночь
False Spellblade Holy	Ложный святой зачарованный клинок
False Twilight	Ложные сумерки
Familiar Call	Призыв фамильяра
Family Ties	Семейные узы
Famine's Harvest	Жатва голода
Fan Flames	Раздуть пламя
Fanatic Bloodletting	Фанатичное кровопускание
Fancy Bladework	Затейливая работа клинком
Fang's End	Конец клыка
Fanning Flame	Раздуваемое пламя
Far Above, Deep Below	Высоко над, глубоко под
Far Afield	Далеко в поле
Far Cry to Detonate	Дальний сигнал взрыва
Far from Heaven	Далеко от небес
Fatal Allure	Смертельное очарование
Fate Calibration α	Калибровка судьбы: альфа
Fate Calibration β	Калибровка судьбы: бета
Fate's Course	Путь судьбы
Fateful Words	Роковые слова
Fates Unending	Бесконечные судьбы
Fault Line	Линия разлома
Fault Warren	Лабиринт разломов
Fault Zone	Зона разлома
Faunal Figure	Животная фигура
Fear Itself	Сам страх
Feather Marionette	Перьевая марионетка
Feather Shots	Выстрелы перьями
Feeding Call	Призыв к кормлению
Feeding Frenzy	Неистовое кормление
Feeding Time	Время кормления
Feint Particle Beam	Обманный луч частиц
Fell Firework	Зловещий фейерверк
Fell Forces	Зловещие силы
Fellruin Trio	Трио пагубы
Feral Fission	Звериное деление
Ferocious Fore Carve	Свирепый разрез спереди
Ferocious Forehand	Свирепый прямой удар
Fertile Ground	Плодородная земля
Festina Lente	Спеши медленно
Fetching Fulgence	Притягательное сияние
Fetid Fang	Зловонный клык
Fevered Flagellation	Лихорадочное бичевание
Fictitious Flood	Мнимый потоп
Field Medicine	Полевая медицина
Fierce Beating	Свирепое избиение
Fiery Expiation	Огненное искупление
Fifth Element	Пятая стихия
Fighter's Flourish	Росчерк бойца
Fighting Spirits	Боевые духи
Fin Rays	Лучи плавника
Final Exam	Выпускной экзамен
Final Fusedown	Последний прогар фитиля
Final Yip	Последний лай
Finale Fatale	Роковой финал
Firaga Forte	Мощная Фирага
Fire Away	Открыть огонь
Fire Fighter	Огненный боец
Fire Flies	Огненные мухи
Fire Sphere Prime	Первозданная огненная сфера
Fire and Brimstone	Огонь и сера
Fire and Fury	Огонь и ярость
Fire and Lightning	Огонь и молния
Fire and Moonstone	Огонь и лунный камень
Fire's Domain	Владение огня
Fire's Ire	Гнев огня
Fire-resistance Test	Испытание огнестойкости
Fireblossom Flare	Вспышка огненного цветка
Firecracker Shower	Дождь петард
Fired Up I	Взвинченность 1
Fired Up II	Взвинченность 2
Fired Up III	Взвинченность 3
Firedrop Blast	Взрыв огненной капли
Firefall Splash	Всплеск огненного водопада
Fireflight by Emberlight	Огненный полёт при свете углей
Fireflight by Pyrelight	Огненный полёт при свете костра
Fireflight: Four Long Nights	Огненный полёт: четыре долгие ночи
Fireglide Sweep	Огненный планирующий взмах
Firestorm Cycle	Цикл огненной бури
Firing Order: Anti-personnel Laser	Приказ открыть огонь: противопехотный лазер
Firing Order: High-powered Laser	Приказ открыть огонь: мощный лазер
Firing Order: Surface Laser	Приказ открыть огонь: поверхностный лазер
Firing Orders	Приказы открыть огонь
First Aid	Первая помощь
First Blush	Первый румянец
First Lesson	Первый урок
Fish out of Water	Рыба вне воды
Five-fingered Punishment	Наказание пятью пальцами
Fivefold Blast	Пятикратный взрыв
Fivefold Fallout	Пятикратные осадки
Fizzling Duster	Шипящий пыльный удар
Flail Smash	Удар цепом
Flambé II	Фламбе 2
Flame Floater	Огненный поплавок
Flame and Sulphur	Пламя и сера
Flames' Meet	Встреча пламен
Flames' Revelation	Откровение пламени
Flaring Epigraph	Пылающий эпиграф
Flat Blade	Плоская сторона клинка
Flatland Fury	Ярость равнины
Flaying Flail	Свежующий цеп
Flaying Fry	Свежующая жарка
Fledged Rattler	Оперившийся гремучник
Fleece Butt	Удар шерстяной головой
Fleet Thrust	Быстрый выпад
Fleeting Summer	Мимолётное лето
Flesh-boiling Punishment Lake	Озеро кары, кипятящее плоть
Fleshy Necromass	Плотская некромасса
Flickering Flame	Мерцающее пламя
Flight Path	Траектория полёта
Flinging Charge	Отбрасывающий рывок
Flint's Reply	Ответ кремня
Flinted Foehn	Искристый фён
Flip to A-side	Перевернуть на сторону А
Flip to B-side	Перевернуть на сторону Б
Floater Turn	Поворот поплавка
Flock Frenzy	Неистовство стаи
Flood Plain	Затопленная равнина
Flood in Blue	Синий потоп
Flourishing Bow	Пышный поклон
Flourishing Charge	Пышный рывок
Flower Devour	Пожирание цветка
Flower Motif	Мотив цветка
Flowing Lance	Текучее копьё
Fluff Ruffler	Взъерошивание пуха
Fluffle Up	Поднять пушистый ком
Fluid Convection	Конвекция жидкости
Fluid Dynamic	Динамика жидкости
Flying Bream	Летящий лещ
Focus Inferi	Адский очаг
Focused Tremor	Сосредоточенный толчок
Foe Splitter	Рассекатель врагов
Fog Plume	Шлейф тумана
Folding Flare	Сворачивающаяся вспышка
Fool's Gambit	Гамбит глупца
For Honor	За честь
Forbidden Arts	Запретные искусства
Forbidden Fruit	Запретный плод
Forborn Beast	Рождённый прежде зверь
Force Quit	Принудительное завершение
Forced Transfer	Принудительный перенос
Forcible Difreeze	Принудительная двойная заморозка
Forcible Trifire	Принудительный тройной огонь
Fore Arms 2.0	Передние руки, версия 2.0
Fore Arms > Rear Guns 2.0	Передние руки в задние пушки, версия 2.0
Fore and Aft	Спереди и сзади
Fore-to-aft Fire	Огонь спереди назад
Foregone Fatality	Предрешённая гибель
Foregone Gleam	Предрешённый отблеск
Foreseen Flurry	Предвиденный шквал
Forest Fire	Лесной пожар
Forest Heritage	Наследие леса
Foreward Blaster	Передний бластер
Forged Fury	Выкованная ярость
Forged Track	Выкованная колея
Forked Fissures	Разветвлённые трещины
Forked Fury	Раздвоенная ярость
Formation Alpha	Построение альфа
Formation Beta	Построение бета
Formation Gamma	Построение гамма
Formation: Air Raid	Построение: воздушный налёт
Formation: Sharp Turn	Построение: резкий поворот
Formation: Sliding Swipe	Построение: скользящий взмах
Formic Pheromones	Муравьиные феромоны
Formless Judgment	Бесформенный приговор
Forsaken Fount	Забытый источник
Fortemps Blade	Клинок Фортана
Fortune's Flux	Перемены удачи
Fortune-blade Sigil	Печать клинка удачи
Found Wanting	Признан недостаточным
Foundational Debris	Обломки фундамента
Four Elements	Четыре стихии
Four Parts Resolve	Четверичная решимость
Four Star	Четыре звезды
Four-way Fireball	Огненный шар в четырёх направлениях
Fourfold Attack Order	Четверной приказ атаковать
Fourpenny Inflation	Грошовое раздувание
Fourth Mercy	Четвёртая милость
Fourth's Fortis	Сила четвёртого
Fourth-wall Fusion	Слияние четвёртой стены
Fowl Stench	Птичья вонь
Fractured Ego	Расколотое эго
Fractured Eventide	Расколотый вечер
Fragor Maximus	Величайший грохот
Freak Out	Безумный срыв
Freak Wave	Аномальная волна
Freaky Pyrotation	Безумное огненное вращение
Free Spirits	Свободные духи
Free-fall Bombs	Свободнопадающие бомбы
Freeform Shift	Произвольная смена формы
Freeze Out	Вымораживание
Freeze in Cyan	Голубая заморозка
Frenetic Flurry	Неистовый шквал
Fresh Puff	Свежий порыв
Freshwater Cannon	Пресноводная пушка
Frog-hallowed Ground	Лягушачья святая земля
Froggy Jump	Лягушачий прыжок
Froggy Rampart	Лягушачий бастион
Froggy Reprisal	Лягушачье возмездие
Froggy Sentinel	Лягушачий страж
Frogtourage Finale	Финал лягушачьей свиты
From Mud	Из грязи
Frond Affeared	Испуганная ветвь
Frond Affront	Дерзкая ветвь
Frond Fatale	Роковая ветвь
Frontal Somersault	Переднее сальто
Frost's Revelation	Откровение мороза
Frostbite and Seek	Игра в морозные прятки
Frosted Orb	Покрытая инеем сфера
Frosting Fracas	Потасовка глазури
Frothing Sea	Пенящееся море
Frumious Jaws	Яростные челюсти
Fulgent Blade	Сияющий клинок
Full Bright	Полное сияние
Full Rank	Полный строй
Full-fledged Tantrum	Полномасштабная истерика
Full-perimeter Particle Beam	Луч частиц по всему периметру
Full-power Optimized Ultima	Улучшенная Ультима полной мощности
Fullmoon Fury	Ярость полнолуния
Fulmination Khalkeos	Бронзовая гроза
Fulmination Khryseos	Золотая гроза
Fulminous Fence	Громовая ограда
Fuming Vomit	Дымящаяся рвота
Funambulist's Fantasia	Фантазия канатоходца
Fundamental Synergy	Основополагающее взаимодействие
Funeral Pyre	Погребальный костёр
Funky Floor	Фанковый танцпол
Furling Flapping	Сворачивание и хлопанье
Fury's Aegis	Эгида Неистовой
Fury's Fourteen	Четырнадцать ударов Неистовой
Fuse or Foe	Фитиль или враг
Fusion Burst	Взрыв слияния
Fusion Prime	Первозданное слияние
Future's End	Конец будущего
Futures Numbered	Сочтённые будущие
GA-100	Джи-Эй-100
Gaea Stream	Поток Геи
Galadion Ram	Таран Галадиона
Gale-force Winds	Шквальные ветры
Galloping Thunder	Скачущий гром
Gallows March	Марш к виселице
Gaoler's Flail	Цеп тюремщика
Gardener's Hymn	Гимн садовника
Garish Light	Кричащий свет
Garlean Fire	Гарлемальдский огонь
Gas Shell	Газовый снаряд
Gaseous Bomb	Газообразная бомба
Gaze upon My Radiance	Узри моё сияние
Gear Enhancement	Улучшение снаряжения
Generate: Barrier	Создание: барьер
Gentle Breeze	Нежный ветерок
Geotemporal Blast	Геовременной взрыв
Geothermal Flatulence	Геотермальные газы
Geothermal Rupture	Геотермальный разрыв
Get Down!	Пригнись!
Gevurah Chesed	Гвура и Хесед
Geyser Eruption	Извержение гейзера
Ghomoro Splitter	Рассекатель Гоморо
Gibbet Cage	Виселичная клетка
Gig Head	Острога
Giga Slash: Nightfall	Гигаразрез: наступление ночи
Gigaflare's Edge	Грань гигавспышки
Glassy Nova	Стеклянная вспышка
Glider Ram	Таран планера
Gliding Swoop	Планирующее пикирование
Glimmer in the Dark	Мерцание во тьме
Gloaming Gleam	Сумеречный отблеск
Global Spell	Всеобщее заклинание
Glorious Blaze	Славное пламя
Glory Neverlasting	Невечная слава
Glory Unearthed	Обнаруженная слава
Glossal Predation	Охота языком
Glower Power	Сила грозного взгляда
Gluttonous Goring	Прожорливое пронзание
Gluttonous Gutting	Прожорливое потрошение
Gluttonous Rampage	Прожорливое буйство
Gluttonous Wire	Прожорливая проволока
Gluttony's Augur	Предвестник чревоугодия
Gnash and Lash	Скрежет и хлёсткий удар
Gnashing Wheel	Скрежещущее колесо
Gnawing Dread	Гложущий ужас
Gnostic Rant	Гностическая тирада
Gnostic Spear	Гностическое копьё
Gobbie Grab	Гоблинский захват
Gobbie Lob	Гоблинский бросок
Gobbieboom Barrage	Гоблинский взрывной обстрел
Gobfire Shootypops	Гоблинская огненная стрельба
Gobrush Rushgob	Гоблинский стремительный рывок
Gobslash Slicetops	Гоблинский рубящий разрез
Gobslice Mooncrops	Гоблинский лунный разрез
Gobsnick Leghops	Гоблинский прыгающий удар
Gobspin Headlops	Гоблинское вращение с отсечением головы
Gobspin Unstops	Гоблинское неудержимое вращение
Gobspin Whooshdrops	Гоблинское вращение с падением
Gobspin Zoomdrops	Гоблинское скоростное вращение с падением
Gobsway Rumblerocks	Гоблинское раскачивание с грохотом камней
Gobswipe Conklops	Гоблинский удар по голове
Gobswish Spraymops	Гоблинский взмах с брызгами
Gobthunder II	Гоблинский гром 2
Gobthunder III	Гоблинский гром 3
God Ray	Божественный луч
Gods Save the Queen	Боги, храните королеву
Gold Bile Plume	Шлейф золотой желчи
Golden Gall	Золотая желчь
Goobbue's Grief	Горе гоббу
Good King's Decree	Указ доброго короля
Gourd Splitter	Раскалывание тыквы
Grab and Grow	Захват и рост
Grand Cross Alpha	Великий крест альфа
Grand Cross Delta	Великий крест дельта
Grand Cross Omega	Великий крест омега
Grand Crossflame	Великое перекрёстное пламя
Grand Hoplon	Великий гоплон
Grand Octet	Великий октет
Granite Sepulchre	Гранитная гробница
Grape Juice	Виноградный сок
Grappling Ivy	Цепкий плющ
Grasping Frost	Хватающий мороз
Grasping Rancor	Цепкая злоба
Grave Reel	Могильный танец
Gravel Shower	Гравийный дождь
Graven Image	Изваяние
Graven Memoria	Высеченная память
Gravest Ego	Наитяжелейшее эго
Gravitational Empire	Гравитационная империя
Gravity Harpe	Гравитационная гарпа
Gravity Restoration	Восстановление гравитации
Great Return to Nothing	Великое возвращение в ничто
Greatest Flood	Величайший потоп
Greatest Labyrinth	Величайший лабиринт
Greedy Grab	Жадный захват
Grenado Shot	Гранатный выстрел
Grievous Slash	Тяжёлый разрез
Grim Remembrance	Мрачное воспоминание
Grimalkin Gale	Кошачий шквал
Grotesquerie: Act 1	Гротеск: акт 1
Grotesquerie: Act 2	Гротеск: акт 2
Grotesquerie: Act 3	Гротеск: акт 3
Grotesquerie: Curtain Call	Гротеск: поклон на бис
Ground and Pound	Борьба и добивание
Ground-razing Particle Beam	Луч частиц, разрушающий землю
Ground-to-ground Ballistic	Баллистический выстрел земля-земля
Ground-to-ground Missile	Ракета земля-земля
Groundbreaking Quake	Землетрясение, раскалывающее землю
Grounding Jolt	Заземляющий разряд
Growing Circles of Ablution	Растущие круги омовения
Growing Threat	Растущая угроза
Growling Wind	Рычащий ветер
Growth Rune	Руна роста
Grubby Knuckles	Грязные кулаки
Guided Missile	Управляемая ракета
Guided Missile Kyrios	Управляемая ракета Кириос
Guiding Light	Путеводный свет
Guilty Verdict	Обвинительный приговор
Gull Dive	Пикирование чайки
Gun Turret	Орудийная башня
Gunnery Pod	Орудийная капсула
Gunnhildr's Blades	Клинки Гуннхильды
Guns Blazing	Огонь из всех орудий
Gusion's Embrace	Объятия Гусиона
Gust Front	Фронт порыва
Gusting Gouge	Рваный удар порыва
Gut Rip	Разрыв нутра
Gutting Blow	Потрошащий удар
Guttler Glutter	Обжорство пожирателя
Gyrating Glare	Вращающийся взгляд
Gyre Charge	Круговой рывок
Hack Goliath Tank	Взлом танка Голиаф
Hades's Gates	Врата Аида
Hailed Radiance	Прославленное сияние
Hair Shears	Ножницы для волос
Half Beats	Половинные удары
Half Circuit	Полуконтур
Half Full	Наполовину полный
Half Gravity	Половинная гравитация
Half Moon	Полумесяц
Hana Arashi	Цветочная буря
Hangry Hiss	Голодное сердитое шипение
Haphazard Arrow	Случайная стрела
Happy Surprise	Радостный сюрприз
Harden Shell	Укрепление панциря
Hardsilver Chain	Цепь из твёрдого серебра
Harness Fire	Обуздание огня
Harping Aether	Звенящий эфир
Harvest Festival	Праздник урожая
Haten Eijinsen	Хатэн Эйдзинсэн
Haunting Cry	Преследующий крик
Haute Air	Высокий воздушный трюк
Have a Blast	Повеселимся со взрывом
Havoc Spiral	Спираль хаоса
Hawk Blaster	Ястребиный бластер
Hazardous Ascension	Опасное вознесение
Head On	Лоб в лоб
Head Snatch	Захват головы
Head over Heels	Вверх тормашками
Head-on Emission	Лобовое излучение
Head-splitting Roar	Раскалывающий голову рёв
Headlong Rush	Стремительный бросок
Headman's Delight	Наслаждение палача
Heads Roll	Головы покатились
Heads and Tails	Головы и хвосты
Headsman's Delight	Наслаждение палача
Headsman's Wind	Ветер палача
Headward Gouge	Рваный удар к голове
Healthy and Happy	Здоровый и счастливый
Heart Asunder	Разорванное сердце
Heart in the Machine	Сердце машины
Heart on Fire II	Сердце в огне 2
Heart on Fire III	Сердце в огне 3
Heart on Fire IV	Сердце в огне 4
Heartbreak Kick	Сердцеразбивающий удар ногой
Hearth Above, Flight Below	Очаг сверху, полёт снизу
Heartless Angel	Бессердечный ангел
Heartless Archangel	Бессердечный архангел
Heat Above, Flames Below	Жар сверху, пламя снизу
Heat Bond	Тепловые узы
Heat Shielding Reassembly	Восстановление тепловой защиты
Heaven and Earth	Небо и земля
Heaven's Wrath	Гнев небес
Heavenly Heel	Небесная пята
Heavenly Host	Небесное воинство
Heavenly Subjugation	Небесное подчинение
Heavens Tackle	Небесный таран
Heavensfall Trio	Трио падения небес
Heaving Breath	Тяжёлое дыхание
Heaving Haymaker	Тяжёлый размашистый удар
Heavy Anti-air Particle Beam	Тяжёлый зенитный луч частиц
Heavy Hitter	Тяжёлый ударник
Heavyweight Needles	Тяжеловесные иглы
Hedge Mazing	Лабиринт живой изгороди
Height Error	Ошибка высоты
Heightened Rage	Усиленная ярость
Heirloom Scream	Наследственный крик
Helblar Shriek	Крик Хельблара
Hellborn Yawp	Адский вопль
Hellfire Fetch	Притяжение адского огня
Hello, World	Здравствуй, мир
Hellward Bound	Путь в преисподнюю
Helm Crack	Раскол шлема
Hemorrhagic Projection	Кровоточащая проекция
Hen Hustle	Куриная суета
Heretic's Fork	Вилка еретика
Heretic's Quoit	Кольцо еретика
Hero's Blow	Удар героя
Heros's Sundering	Раскол героя
Hex Eye	Проклинающий глаз
Hexagon Belt	Шестиугольный пояс
Hexing Staves	Проклинающие посохи
Hi-NRG Fever	Высокоэнергичная лихорадка
Hidden Dynasty	Скрытая династия
Hidden Mine Shrapnel	Шрапнель скрытой мины
High Concept	Высокая концепция
High-caliber Laser	Крупнокалиберный лазер
High-frequency Laser	Высокочастотный лазер
High-order Explosive Blast	Взрыв высшего порядка
High-powered Sniper Cannon	Мощная снайперская пушка
High-tension Discharger	Высоковольтный разрядник
High-voltage Electray	Высоковольтный электролуч
Higher Power	Высшая сила
Highest Holy	Наивысшая святость
Highest Stakes	Высочайшие ставки
Hind Whip	Задний хлыст
Hissatsu: Goka	Хиссацу: Гока
Hissatsu: Kaiten	Хиссацу: Кайтэн
Hissatsu: Kiku	Хиссацу: Кику
Hissatsu: Meikai Kyokyo	Хиссацу: Мэйкай Кёкё
Hissatsu: Seigan	Хиссацу: Сэйган
Hissatsu: Tasogare	Хиссацу: Тасогарэ
Hissatsu: To	Хиссацу: То
Hissatsu: Tsubame	Хиссацу: Цубамэ
Hissatsu: Umitsubame	Хиссацу: Умицубамэ
Hit and Run	Удар и отход
Hoard Wealth	Накопление богатства
Hoarhound Halo	Нимб морозного пса
Holiest Hallowing	Святейшее освящение
Holo Ark	Голографический ковчег
Holy Blur	Святое размытие
Holy Divided	Раздельная святость
Honey B. Finale	Финал Медовой Би
Honey B. Live	Медовая Би вживую
Honey B. Live: 1st Beat	Медовая Би вживую: первый ритм
Honey B. Live: 2nd Beat	Медовая Би вживую: второй ритм
Honey B. Live: 3rd Beat	Медовая Би вживую: третий ритм
Honey Beeline	Медовый прямой полёт
Honeyed Left	Медовый левый удар
Hood Swing	Взмах капюшоном
Hooked Burrs	Крючковатые колючки
Hope Abandon Ye	Оставь надежду
Hopping Mad	Прыгающее бешенство
Hoppity Havoc	Прыгучий хаос
Horde Lullaby	Колыбельная орды
Horrida Bella	Ужасные войны
Horrisonous Blast	Ужасающе громкий взрыв
Horror Eye	Глаз ужаса
Hostile Aspect	Враждебный аспект
Hot Aerial	Горячий воздушный трюк
Hot Foot	Горячая нога
Hot Lava	Горячая лава
Hot and Cold	Жар и холод
Hound out of Heaven	Гончая с небес
Hound out of Hell	Гончая из преисподней
Howling Triumph	Воющий триумф
Howling Wildfire	Воющий лесной пожар
Huff and Puff	Пыхтение и дуновение
Humble Hammer	Скромный молот
Hundred Cuts	Сто разрезов
Hundred Lashings	Сто ударов плетью
Hungry Lance	Голодное копьё
Hydaelyn's Ray	Луч Хайделин
Hydraulic Ram	Гидравлический таран
Hydroelectric Shock	Гидроэлектрический разряд
Hyper-focused Particle Beam	Сверхсосредоточенный луч частиц
Hypercompressed Plasma	Сверхсжатая плазма
Hypercondensed Thunder	Сверхсгущённый гром
Hyperconductive Plasma	Сверхпроводящая плазма
Hyperdimensional Slash	Сверхпространственный разрез
Hyperexplosive Plasma	Сверхвзрывная плазма
Hypha Whip	Хлыст грибницы
Hypno Squama	Гипнотическая чешуя
Hypodermic Hustle	Подкожная суета
I Crave Violence	Жажда насилия
Iambic March	Ямбический марш
Ice Cream	Мороженое
Ice Dispenser	Раздатчик льда
Ice Floe	Льдина
Ice Grid	Ледяная решётка
Ice Rondel	Ледяной рондель
Ice Shoot	Ледяной выстрел
Ice and Fire	Лёд и огонь
Ice and Levin	Лёд и молния
Ice and Wind	Лёд и ветер
Icebomb Burst	Взрыв ледяной бомбы
Icebound Buffoon	Скованный льдом шут
Icedrop Blast	Взрыв ледяной капли
Iceflame Summoning	Призыв ледяного пламени
Icelit Dragonsong	Ледяная песнь драконов
Icewind Twister	Вихрь ледяного ветра
Ichi no Tachi	Первый удар меча
Icicle Impact	Удар сосульки
Iconic Execution	Казнь идола
Iconic Transendence	Вознесение идола
Iconography: Bladewise	Иконография: по клинку
Iconography: Pedestal Purge	Иконография: очищение пьедестала
Iconography: Wheel of Deincarnation	Иконография: колесо развоплощения
Igneous Conception	Огненное зачатие
Ignis Amoris	Огонь любви
Ignis Est	Это огонь
Ignis Odi	Огонь ненависти
Igniting Lights	Воспламеняющие огни
Ill Intent	Дурной умысел
Ill Will	Недоброжелательство
Ill-gotten Goods	Нечестно нажитое добро
Illumed Estoc	Озарённый эсток
Illumed Facet	Озарённая грань
Illuminati Hand Cannon	Ручная пушка иллюминатов
Illuminating Glimpse	Озаряющий проблеск
Illusive Fire	Обманчивый огонь
Ilsabardian Regen	Исцеление Ильсабарда
Imbued Coruscance	Наполненное силой сверкание
Imminent Catastrophe	Неизбежная катастрофа
Immolating Shade	Сжигающая тень
Immortal Anathema	Бессмертная анафема
Immortal's Obol	Обол бессмертного
Immune Response	Иммунный ответ
Imp Choir	Хор бесов
Imp Song	Песнь беса
Impalement Arts	Искусство пронзания
Impartial Ruling	Беспристрастный приговор
Impassioned Sparks	Страстные искры
Impeding Trap	Мешающая ловушка
Implosive Curse	Взрывающееся внутрь проклятие
In Health	Во здравии
In Sickness	В болезни
In Sickness and in Health	В болезни и во здравии
Incandescent Interlude	Раскалённая интерлюдия
Incendiary Saturation Bombing	Массированная зажигательная бомбардировка
Inception Formation	Начальное построение
Incinerating Heat	Испепеляющий жар
Incinerating Lahar	Испепеляющий лахар
Incongruous Spin	Несообразное вращение
Increased Sentence	Ужесточённый приговор
Index and Archive Peripheral	Индексация и архивирование внешних данных
Indigo Breeze	Ветерок цвета индиго
Indigo Woe	Горе цвета индиго
Indiscriminate Detonation	Неизбирательный подрыв
Individual Reprobation	Индивидуальное осуждение
Indolent Will	Ленивая воля
Indomitable Will	Несокрушимая воля
Indulgent Will	Снисходительная воля
Industrial Force	Промышленная сила
Inertia Stream	Поток инерции
Infallible Missile	Безошибочная ракета
Infantry Deterrent	Сдерживание пехоты
Infernal Deliverance	Адское избавление
Infinite Reach	Бесконечный охват
Infirm Soul	Немощная душа
Inflammable Fumes	Воспламеняемые испарения
Infralateral Arc	Нижняя боковая дуга
Initialize Androids	Активация андроидов
Initialize Recall	Активация возврата
Initialize Turrets	Активация турелей
Initiate Self-destruct	Запуск самоуничтожения
Inner Beastman	Внутренний зверолюд
Inner Demons	Внутренние демоны
Inquisitor's Blade	Клинок инквизитора
Insane Air	Безумный воздушный трюк
Insatiable Light	Ненасытный свет
Insatiable Thirst	Неутолимая жажда
Inside Out	Наизнанку
Inside Roundhouse	Внутренний круговой удар
Instant Incineration	Мгновенное испепеление
Instinctual Appraisal	Инстинктивная оценка
Insulting Assault	Оскорбительное нападение
Integrated Aetheromodulator	Встроенный эфиромодулятор
Integrated Scanner	Встроенный сканер
Intense Pain	Сильная боль
Interception Sequence	Последовательность перехвата
Interdimensional Explosion	Межпространственный взрыв
Intermediate Relativity	Промежуточная относительность
Intestinal Crank	Скручивание кишок
Into the Fire	В огонь
Into the Light	На свет
Into the Shadows	В тени
Intractable Land	Непокорная земля
Intrepid Blade	Бесстрашный клинок
Inugami's Blessing	Благословение инугами
Inversive Chlamys	Обратная хламида
Invert Miasma	Обращение миазмов
Invisible Touch	Невидимое касание
Inviting Verse	Манящий стих
Ion Efflux	Ионное истечение
Ionic Discharge	Ионный разряд
Ionospheric Charge	Ионосферный заряд
Iron Out	Разглаживание
Iron Pike	Железная пика
Irritating Tendrils	Раздражающие усики
Isitva Siddhi	Ишитва-сиддхи
Isle Drop	Падение острова
Islebloom Light	Свет островного цветка
Isten Burst	Взрыв Истена
It Came from the Dirt	Оно пришло из грязи
Ivy Fetters	Оковы плюща
J Jump	Джей-прыжок
J Storm	Джей-буря
J Wave	Джей-волна
Jade Passage	Нефритовый переход
Jagged Edge	Зазубренное лезвие
Jarring Blow	Сотрясающий удар
Jester's Jig	Джига шута
Jester's Reap	Жатва шута
Jester's Reward	Награда шута
Jet Exhaust	Реактивный выхлоп
Jittering Glare	Дрожащий взгляд
Jittering Jab	Дрожащий джеб
Jittering Jig	Дрожащая джига
Jittering Jounce	Дрожащий подскок
Joint Pyre	Общий костёр
Jongleur's X	Крест жонглёра
Joyless Dragonsong	Безрадостная песнь драконов
Judgment Nisi	Условный приговор
Juggler's Jape	Шутка жонглёра
Juggling Sphere	Сфера для жонглирования
Juji Shuriken	Крестовой сюрикен
Jujui Shuriken	Крестовой сюрикен
Jump Scare	Внезапный испуг
Jumping Thrust	Выпад в прыжке
Jungle Tempest	Буря джунглей
Jury Overruling	Отмена приговора присяжных
Kaeshi: Gojin	Каэси: Годзин
Kaeshi: Higanbana	Каэси: Хиганбана
Kampeos Harma	Искривлённая колесница
Kan Rhai	Кан Рай
Kaqool Ja's Fury	Ярость Какул Джа
Katon: San 	Катон: Сан
Katun Cycle	Цикл катуна
Keeper's Rhythm	Ритм хранителя
Kenki Release	Высвобождение кэнки
Keraunos Eidolon	Громовой эйдолон
Ketu & Rahu	Кету и Раху
Kick and Scream	Бить ногами и кричать
Kill Zone	Зона поражения
Kindled Flame	Разожжённое пламя
Kindling Cauldron	Разжигающий котёл
King's Will	Воля короля
Kirin Captivator	Очарование кирина
Kiseru Clamor	Грохот кисэру
Knavish Bullets	Плутовские пули
Kneeling Snath	Коленопреклонённое косовище
Knock Down	Сбивание с ног
Knock on Ice	Стук по льду
Know Your Enemy	Знай своего врага
Knowing Gleam	Знающий отблеск
Knowledge Level 3 Flare	Знание: вспышка уровня 3
Knowledge Level 4 Holy	Знание: святость уровня 4
Knowledge Level 5 Death	Знание: смерть уровня 5
Knowledge Level Correction	Исправление уровня знания
Knuckle Down	Взяться всерьёз
Knuckle Sandwich	Бутерброд с кулаком
Kobold Drill	Кобольдский бур
Komainu's Blessing	Благословение комаину
Kothornos Kick	Удар котурном
Kothornos Quake	Землетрясение котурна
Kuge Rantsui	Кугэ Ранцуй
Kupo and Good Night	Купо и спокойной ночи
La Vie en Epines	Жизнь в шипах
Labored Leap	Тяжёлый прыжок
Labyrinthine Fate	Запутанная судьба
Lacunate Stream	Поток с пробелами
Lakewater Spray	Брызги озёрной воды
Lamellar Light	Пластинчатый свет
Lamian Lesion	Рана ламии
Lamp Lighting	Зажигание лампы
Lamp Oil	Ламповое масло
Lance Swing	Взмах копьём
Landmine Auto-detonation	Автоматический подрыв мины
Languid Lap	Вялое лакание
Languorous Gaze	Томный взгляд
Larboard Wave Cannon	Волновая пушка левого борта
Larboard Wave Cannon Surge	Залп волновой пушки левого борта
Lariat Combo	Комбинация ударов плечом
Laser Saturation	Массированный лазерный обстрел
Laser-resistance Test	Испытание лазеростойкости
Lash and Gnash	Хлёсткий удар и скрежет
Last Ditch	Последний рубеж
Last Gasp	Последний вздох
Last Resort	Последнее средство
Last Supper	Последняя вечеря
Last Testament	Последнее завещание
Late Harvest	Поздний урожай
Latent Synchronization Defect	Скрытый сбой синхронизации
Lateral Aureole	Боковой ореол
Lateral-core Phaser	Боковой фазер ядра
Latitudinal Implosion	Широтный взрыв внутрь
Lava Mekhane	Лавовый механизм
Lawless Pursuit	Беззаконное преследование
Lead Hook	Передний хук
Lead Weight	Свинцовый груз
Leaf Dagger	Листовой кинжал
Leaf Slicer	Листовой резак
Leap Forward	Прыжок вперёд
Leaping Black Cat Crossing	Прыгающий переход чёрной кошки
Leaping One-two Paw	Прыгающая двойка лапой
Left Firaga Forte	Левая мощная Фирага
Left Fireflight: Fact and Fiction	Левый огненный полёт: правда и вымысел
Left Fireflight: Four Long Nights	Левый огненный полёт: четыре долгие ночи
Left Fireflight: Three Nights	Левый огненный полёт: три ночи
Left Fireflight: Two Nights	Левый огненный полёт: две ночи
Left in the Dark	Оставленный во тьме
Left-arm Limit Cut	Предельный разрез левой рукой
Left-arm Metal Cutter	Металлический резак левой руки
Left-arm Slash	Разрез левой рукой
Left-arm Wave	Волна левой руки
Left-sided Shockwave	Ударная волна слева
Leftbreathed Thunder	Громовое дыхание слева
Leftward Left	Левый удар влево
Leftward Trisula	Тришула влево
Leg Shot	Выстрел в ногу
Legendary Geas	Легендарный гейс
Legendary Imbas	Легендарный имбас
Legio Phantasmatis	Легион призраков
Legitimate Force	Законная сила
Leporine Loaf	Заячья буханка
Let's Dance!	Давай танцевать!
Let's Dance! Remix	Давай танцевать! Ремикс
Let's Pose!	Позируем!
Level 100 Flare	Вспышка уровня 100
Level 150 Death	Смерть уровня 150
Level 5 Death Sentence	Смертный приговор уровня 5
Level X Petrify	Окаменение уровня икс
Leveling Missile	Уравнивающая ракета
Levin Merengue	Громовое меренге
Levinroot Ring	Кольцо громового корня
Levinsickle Spark	Искра громового серпа
Levinstrike Mekhane	Механизм удара молнии
Liberty or Death	Свобода или смерть
Lickwhip Stance	Стойка хлещущего языка
Life Claim	Притязание на жизнь
Life Force	Жизненная сила
Life in Captivity	Жизнь в плену
Life's Agonies	Муки жизни
Life's Last Song	Последняя песнь жизни
Lifeless Legacy	Безжизненное наследие
Light Dew	Светлая роса
Light Pseudopillar	Световой ложный столп
Light Rampant	Неистовство света
Light Succor	Светлая помощь
Light and Darkness	Свет и тьма
Lighter Note	Более светлая нота
Lightfast Blade	Светостойкий клинок
Lilliputian Lyric	Лилипутская лирика
Liminal Lightning	Пограничная молния
Limit Cut	Предельный разрез
Line Voltage	Линейное напряжение
Linear Dive	Прямолинейное пикирование
Liquid Atgeir	Жидкий атгейр
Lit Path	Освещённый путь
Lithifying Light	Окаменяющий свет
Live Painting	Живая картина
Live Pyre	Живой костёр
Living Corpse	Живой труп
Load Data	Загрузка данных
Loaded Gunshield	Заряженный пушечный щит
Lobe Runner	Бегущий по долям мозга
Lock On	Захват цели
Lock and Key	Замок и ключ
Locked and Loaded	Заряжено и готово
Lofty Flames	Высокое пламя
Lofty Peaks	Высокие вершины
Lone Wolf's Lament	Плач одинокого волка
Long Needle Kyrios	Длинная игла Кириос
Long-lost Light	Давно утраченный свет
Long-range Needles	Дальнобойные иглы
Long-suffering Saltarello	Многострадальное сальтарелло
Longitudinal Implosion	Продольный взрыв внутрь
Longsword and Sorcery	Длинный меч и чародейство
Loose Screw	Ослабленный винт
Lost Opportunity	Упущенная возможность
Lots Cast	Жребий брошен
Love Me Tender	Люби меня нежно
Love Tap	Нежный удар
Love's Light	Свет любви
Lovers' Bridge	Мост влюблённых
Loving Embrace	Любящие объятия
Low-powered Offensive	Маломощная атака
Lower Laser	Нижний лазер
Lower Realm	Нижнее царство
Loyal Flame	Верное пламя
Loyal Hound	Верная гончая
Lucky Pierrot	Удачливый Пьеро
Lulling Light	Убаюкивающий свет
Lumbering Leap	Неуклюжий прыжок
Lumen Infinitum	Бесконечный свет
Luminary Gale	Сияющий шквал
Luminous Lancet	Светящийся ланцет
Lunar Gungnir	Лунный Гунгнир
Lunar Mansion	Лунная обитель
Lunar Rainbow	Лунная радуга
Lunatic Voice	Безумный голос
Lunge Cut	Разрез выпадом
Luring Trap	Манящая ловушка
MRV Missile	Ракета с разделяющимися боеголовками
MRV Missile Kyrios	Ракета Кириос с разделяющимися боеголовками
Macabre Mark	Зловещая метка
Mad Dash	Безумный рывок
Mad Stare	Безумный взгляд
Mad Tea Party	Безумное чаепитие
Made Magic	Созданная магия
Maelstrom's Bolt	Молния Водоворота
Magic Artillery Alpha	Магическая артиллерия альфа
Magic Artillery Beta	Магическая артиллерия бета
Magical Hat	Волшебная шляпа
Magical Mallet Theory	Теория волшебного молотка
Magitek Acceleration Bomb	Магитехническая ускоряющая бомба
Magitek Bartizan	Магитехническая башенка
Magitek Compressor	Магитехнический компрессор
Magitek Impetus	Магитехнический импульс
Magitek Slug	Магитехническая пуля
Magma Chamber	Магматическая камера
Magmatic Spell	Магматическое заклинание
Magnitude 5.0	Магнитуда 5,0
Magnitude Opus	Величественное произведение
Magos's Radiance	Сияние мага
Majestic Meteowrath	Величественный метеоритный гнев
Major Freak Out	Большой безумный срыв
Malefic Alignment	Пагубное выравнивание
Malefic Quartering	Пагубное четвертование
Malformed Prayer	Искажённая молитва
Malformed Reincarnation	Искажённое перерождение
Malignant Mucus	Злокачественная слизь
Mallet Momentum	Инерция молотка
Mammet Fort	Крепость мамметов
Mana Boost	Усиление маны
Mana Manifestation	Проявление маны
Mandible Bite	Укус жвалами
Mandibular Bite	Укус жвалами
Maneuver: Area Bombardment	Манёвр: обстрел по площади
Maneuver: Beam Cannons	Манёвр: лучевые пушки
Maneuver: Collider Cannons	Манёвр: коллайдерные пушки
Maneuver: Diffusion Cannon	Манёвр: рассеивающая пушка
Maneuver: High-order Explosive Blast	Манёвр: взрыв высшего порядка
Maneuver: High-powered Laser	Манёвр: мощный лазер
Maneuver: Impact Crusher	Манёвр: ударный дробитель
Maneuver: Incendiary Bombing	Манёвр: зажигательная бомбардировка
Maneuver: Long-barreled Laser	Манёвр: длинноствольный лазер
Maneuver: Martial Arm	Манёвр: боевая рука
Maneuver: Missile Command	Манёвр: ракетная команда
Maneuver: Precision Guided Missile	Манёвр: высокоточная управляемая ракета
Maneuver: Refraction Cannons	Манёвр: преломляющие пушки
Maneuver: Revolving Laser	Манёвр: вращающийся лазер
Maneuver: Saturation Bombing	Манёвр: массированная бомбардировка
Maneuver: Standard Laser	Манёвр: стандартный лазер
Maneuver: Unconventional Voltage	Манёвр: необычное напряжение
Maneuver: Volt Array	Манёвр: вольтовая решётка
Mangling Fang	Терзающий клык
Maniacal Laughter	Безумный смех
Maniacal Probe	Безумный зонд
Manifest Avatar	Проявление аватара
Manifold Flames	Многочисленные огни
Manifold Lashings	Многочисленные удары плетью
Manifold Marks	Многочисленные метки
Manipulate Energy	Управление энергией
Manipulate Miasma	Управление миазмами
Mannatheihwon Flame	Пламя Маннатейвона
Manusya Reflect	Отражение манушьи
Manxome Windersnatch	Свирепый ветрохват
Many Faces	Множество лиц
Many-headed Breath	Многоголовое дыхание
Marching Breath	Марширующее дыхание
Marching Samba	Маршевая самба
Marine Mayhem	Морской хаос
Mark II Magitek Comet	Магитехническая комета, модель 2
Mark XLI Quick-firing Cannon	Скорострельная пушка, модель 41
Mark XLIII Mini Cannon	Мини-пушка, модель 43
Marrow Drain	Вытягивание костного мозга
Martial Mystique	Воинское таинство
Maser Cannon	Мазерная пушка
Mass Aetheroplasm	Масса эфироплазмы
Mass Macabre	Зловещая месса
Massacre Elegy	Элегия резни
Material World	Материальный мир
Matter Shift	Сдвиг материи
Mean Thrash	Злобное избиение
Meaningless Destruction	Бессмысленное разрушение
Meat Mallet	Молоток для мяса
Meaty Slice	Мясистый разрез
Mechanical Contusion	Механическая контузия
Mechanical Decapitation	Механическое обезглавливание
Mechanical Dissection	Механическое рассечение
Mechanized Maneuver	Механизированный манёвр
Medicine Field	Лечебное поле
Medium Rear	Задний посредник
Medusa Javelin	Копьё Медузы
Mega Graviton	Мегагравитон
Megabolting Hammer	Мегамолниевый молот
Megiddo Flame	Пламя Мегиддо
Memento Moogle	Помни о мугле
Memento Mori	Помни о смерти
Memorial March	Поминальный марш
Memory Paradox	Парадокс памяти
Memory's End	Конец памяти
Menacing Charge	Угрожающий рывок
Merciful Blooms	Милосердные цветы
Merciless Left	Беспощадный левый удар
Merciless Right	Беспощадный правый удар
Mercy Fourfold	Четверная милость
Mercy Stroke	Удар милосердия
Mercy's Justice	Правосудие милосердия
Merry Go-round	Карусель
Metadosis III	Метадозис 3
Metal Cutter	Металлический резак
Metallic Miasma	Металлические миазмы
Metamorphic Blast	Преобразующий взрыв
Meteor Project	Проект метеора
Meteor Radiant	Метеоритное сияние
Meteoric Burst	Метеоритный взрыв
Meteoric Rhyme	Метеоритная рифма
Meteoros Eidolon	Метеоритный эйдолон
Methodical Appraisal	Методичная оценка
Miasma Breath	Дыхание миазмов
Midsummer Night's Dream	Сон в летнюю ночь
Midwinter March	Марш середины зимы
Midwinter Tragedy	Трагедия середины зимы
Might Makes Right	Право сильного
Might and Magic	Меч и магия
Mighty Blorp	Могучий бульк
Mighty Morph	Могучее превращение
Mighty Unmorph	Отмена могучего превращения
Mijin Gakure	Мидзин Гакурэ
Milk and Sugar	Молоко и сахар
Mimicked Bunshin	Подражание Бунсину
Mimicked Doom Impending	Подражание надвигающейся гибели
Mimicked Flame Thrower	Подражание огнемёту
Mimicked Imp Song	Подражание песне беса
Mimicked Protean Wave	Подражание изменчивой волне
Minatory Star	Угрожающая звезда
Minax Glare	Угрожающий взгляд
Minced Meat	Мясной фарш
Mind Melt	Плавление разума
Mindjack: About Face	Захват разума: кругом
Mindjack: Forward March	Захват разума: вперёд марш
Mindjack: Left Face	Захват разума: налево
Mindjack: Right Face	Захват разума: направо
Mindless Flesh	Безмозглая плоть
Mine Layer	Установщик мин
Minor Freak Out	Малый безумный срыв
Miracle Flash	Чудесная вспышка
Mirror Image	Зеркальное отражение
Mirror Maneuver	Зеркальный манёвр
Mirror, Mirror	Зеркальце, зеркальце
Misery's End	Конец страданий
Misplaced Mystery	Неуместная тайна
Missile Launcher	Ракетная установка
Missile Salvo	Ракетный залп
Missionary's Charge	Рывок миссионера
Mist Rune	Руна тумана
Mistaken Faith	Ошибочная вера
Mixed Feelings	Смешанные чувства
Mixed Signals	Противоречивые сигналы
Mnemonic Riddle	Загадка памяти
Mobile Crossray	Подвижный перекрёстный луч
Mobile Halo	Подвижный нимб
Mocking Howl	Насмешливый вой
Mog Anthem	Мугловый гимн
Mog Malison	Мугловое проклятие
Moggleday Night Fever	Лихорадка мугловой ночи
Moghemian Rhapsody	Муглемская рапсодия
Mogshield Swipe	Удар муглощитом
Moist Summoning	Влажный призыв
Molten Metal	Расплавленный металл
Molten Silk	Расплавленный шёлк
Molting Plumage	Линяющее оперение
Monster Wave	Чудовищная волна
Mooglesse Oblige	Положение мугла обязывает
Moonbeam's Bite	Укус лунного луча
Moonfall Slash	Разрез падающей луны
Moonless Night	Безлунная ночь
Moonset Rays	Лучи заходящей луны
Moonstone Carbuncle	Луннокаменный карбункул
Moontide Font	Источник лунного прилива
Morbid Advance	Мрачное наступление
Morbid Fascination	Болезненное очарование
Morbid Retreat	Мрачное отступление
Morbid Turn Left	Мрачный поворот налево
Morbid Turn Right	Мрачный поворот направо
Morn Afah	Морн Афа
Morn Afah's Edge	Грань Морн Афа
Morning Stars	Утренние звёзды
Morphic Melody	Преображающая мелодия
Mortal Burn Mark	Смертельный след ожога
Mortal Slayer	Убийца смертных
Mortifying Flesh	Омертвляющая плоть
Moth to the Flame	Мотылёк на пламя
Motion Scanner	Сканер движения
Motion Sensor	Датчик движения
Mount Huaguo	Гора Хуаго
Mourning Star	Скорбящая звезда
Mousa's Scorn	Презрение музы
Mousse Drip	Капля мусса
Mousse Mural	Роспись муссом
Mousse Touch-up	Подкрашивание муссом
Mouth Off	Дерзкая речь
Move Mountains	Сдвинуть горы
Movement Magick	Магия движения
Moving Mountains	Движущиеся горы
Mucal Glob	Комок слизи
Mucous Discharge	Выброс слизи
Mud Pie	Грязевой пирог
Mud Stream	Грязевой поток
Muddy Puddles	Грязные лужи
Multi-AI Takeover	Захват несколькими искусственными интеллектами
Multi-pronged Particle Beam	Многолучевой пучок частиц
Multidirectional Divide	Многонаправленное разделение
Murder Hole	Убийственная бойница
Mutable Laws	Изменчивые законы
Muted Struggle	Беззвучная борьба
Mycelium Stomp	Топот грибницы
Myriad Aspects	Бесчисленные аспекты
Mysterious Light	Таинственный свет
Mystery Magic	Таинственная магия
Mythril Greataxe	Мифриловая секира
Nail in the Coffin	Гвоздь в гроб
Naked Soul	Обнажённая душа
Nald's Whisper	Шёпот Нальда
Nald'thal's Counsel	Совет Нальд-Тала
Narrowing Twinflame	Сужающееся двойное пламя
Narrowing Witch Hunt	Сужающаяся охота на ведьм
Nascent End	Зарождающийся конец
Nashmeira's Curtsy	Реверанс Нашмейры
Natural Needles	Природные иглы
Natural Nurture	Природная забота
Nature Call	Зов природы
Naught Grows	Рост небытия
Naught Hunts	Охота небытия
Naught Hunts Another	Небытие охотится на другого
Naught Wakes	Пробуждение небытия
Naughty Knot	Непослушный узел
Naval Ram	Морской таран
Navigator's Dagger	Кинжал Навигатора
Navigator's Trident	Трезубец Навигатора
Ne'er-done-well	Вечный неудачник
Near to Heaven	Близко к небесам
Necrotic Billow	Омертвляющая волна
Necrotic Fluid	Омертвляющая жидкость
Nectar Refill	Пополнение нектара
Needle Gnarl	Игольный узел
Negative Affect	Негативное чувство
Negative Personae	Негативные личности
Negatron Stream	Поток негатронов
Nemesis Burst	Взрыв Немезиды
Neo Bombarian Special	Новый бомбарский особый приём
Nepenthic Plunge	Погружение в забвение
Nerve Gas Ring	Кольцо нервно-паралитического газа
Netherworld Far	Далёкий потусторонний мир
Netherworld Near	Близкий потусторонний мир
Netherwrath Far	Далёкий потусторонний гнев
Netherwrath Near	Близкий потусторонний гнев
Neuro Squama	Нервная чешуя
Neurolink Burst	Взрыв нейросвязи
Neutralize Front Lines	Нейтрализация передовой
Neutron Ring	Нейтронное кольцо
Nhaama's Descent	Нисхождение Наамы
Nhaama's Wrath	Гнев Наамы
Ni no Tachi	Второй удар меча
Nigh-drawn Eruption	Приближённое извержение
Night Terror	Ночной ужас
Nightfall Requiem	Реквием наступления ночи
Nightmare Burst	Взрыв кошмара
Nightmare Eruption	Извержение кошмара
Nightmarish Light	Кошмарный свет
Nihility's Song	Песнь небытия
Nine Ivies	Девять побегов плюща
Nine Nights	Девять ночей
Ninefold Curse	Девятикратное проклятие
Ninety-ninefold Curse	Девяностодевятикратное проклятие
Ninth Circle	Девятый круг
Niraya Prominence	Протуберанец Нираи
No Future	Нет будущего
No Man's Land	Ничейная земля
Node Retrieval	Возврат узла
Noisome Nuisance	Зловонная помеха
Nopal Fan	Веер опунции
Nophica's Counsel	Совет Нофики
North Wind	Северный ветер
Northerly Shift	Сдвиг на север
Nothing beside Remains	Кроме руин, ничего
Nox Blast	Взрыв ночи
Nullifying Dropkick	Обнуляющий удар двумя ногами
Numbing Breath	Онемевающее дыхание
Numbing Noise	Онемевающий шум
Numbing Tendrils	Онемевающие усики
Numeric Riddle	Числовая загадка
Nursed Grudge	Затаённая злоба
Nut Lob	Бросок ореха
Nymian plague	Нимская чума
O Isle, Bloom	Остров, расцветай
O Life, Flourish	Жизнь, процветай
O Petals, Unfurl	Лепестки, раскройтесь
O Sky, Be Mine	Небо, будь моим
Object 130	Объект 130
Object 199	Объект 199
Obliviating Claw	Коготь забвения
Obscure Woods	Сумрачные леса
Obsidian Carbuncle	Обсидиановый карбункул
Obsidian Zenith	Обсидиановый зенит
Occluded Front	Сомкнутый фронт
Octoboom Bombarian Special	Восьмивзрывной бомбарский особый приём
Octoboom Dive	Восьмивзрывное пикирование
Odder Fodder	Странная подкормка
Odder Trap	Странная ловушка
Ode to Fallen Petals	Ода опавшим лепесткам
Ode to Far Winds	Ода далёким ветрам
Ode to Lost Love	Ода утраченной любви
Odi et Amo	Ненавижу и люблю
Odious Croak	Отвратительное кваканье
Odious Uproar	Отвратительный гвалт
Off My Lawn	Прочь с моего газона
Offal Breath	Дыхание потрохов
Offensive Command	Приказ наступать
Offensive Posture	Наступательная поза
Offensive Rambling	Наступательная тирада
Oiled Arrow	Промасленная стрела
Oka Ranman	Пышное цветение сакуры
Old Magic	Древняя магия
Omega Blaster	Бластер Омега
Omega Javelin	Копьё Омега
Ominous Bubbling	Зловещее бурление
Ominous Wiggling	Зловещее извивание
Omnidimensional Onslaught	Всепространственный натиск
On High	В вышине
On Low	Внизу
On the Properties of Darkness	О свойствах тьмы
On the Properties of Darkness II	О свойствах тьмы 2
On the Properties of Floods	О свойствах потопов
On the Properties of Gravity	О свойствах гравитации
On the Properties of Imps	О свойствах бесов
On the Properties of Levitation	О свойствах левитации
On the Properties of Quakes	О свойствах землетрясений
On the Properties of Thunder III	О свойствах грома 3
On the Properties of Tornados	О свойствах торнадо
On the Soul	О душе
Once Above, Ever Below	Однажды наверху, вечно внизу
Once Burned	Однажды обжёгшись
Once on Rokujo	Один раз на Рокудзё
One Ilm Punch	Дюймовый удар
One Moogle Army	Армия из одного мугла
One and Only	Единственный и неповторимый
One-stone March	Марш одного камня
One-two March	Марш раз-два
One-two Paw	Двойка лапой
Onepenny Inflation	Копеечное раздувание
Onerous Guilt	Тяжкое чувство вины
Onion Heal	Луковое исцеление
Onion Hurt	Луковая боль
Onmyo Sigil	Печать оммё
Open Fire	Открыть огонь
Open Flame	Открытое пламя
Open Hearth	Открытый очаг
Open Water	Открытая вода
Operation: Access Self-consciousness Data	Операция: доступ к данным самосознания
Operation: Activate Laser Turret	Операция: включение лазерной турели
Operation: Activate Suppressive Unit	Операция: включение подавляющего узла
Operation: Pod Program	Операция: программа пода
Operation: Synthesize Compound	Операция: синтез соединения
Operational Synergy	Оперативное взаимодействие
Opheos Eidolon	Змеиный эйдолон
Optic Induration	Оптическое затвердевание
Optical Intrusion	Оптическое вторжение
Optimal Offensive	Оптимальная атака
Optimal Play	Оптимальная игра
Optimized Sagittarius Arrow	Улучшенная стрела Стрельца
Orbital Omen	Орбитальное знамение
Orbital Slice	Орбитальный разрез
Ordained Capital Punishment	Предписанная смертная казнь
Ordained Motion	Предписанное движение
Ordained Punishment	Предписанное наказание
Ordained Stillness	Предписанная неподвижность
Order Relay	Передача приказа
Order to Assault	Приказ штурмовать
Order to Attack	Приказ атаковать
Order to Bombard	Приказ бомбардировать
Order to Charge	Приказ идти на таран
Order to Detonate	Приказ взорвать
Order to Fire	Приказ открыть огонь
Order to Stand Fast	Приказ держаться
Order to Support	Приказ поддержать
Ordered Chaos	Упорядоченный хаос
Ordered Fire	Огонь по приказу
Original Sin	Первородный грех
Orison Fortissimo	Громогласная молитва
Osmotic Sting	Осмотическое жало
Otherworldly Heat	Потусторонний жар
Out With a Bang	Уйти со взрывом
Out of Time	Время вышло
Out of the Labyrinth	Выход из лабиринта
Out of the Smoke	Из дыма
Outerstage Combo	Комбинация по краю сцены
Outside In	Снаружи внутрь
Outside Roundhouse	Внешний круговой удар
Over the Falls	Через водопад
Overcome All Odds	Преодолеть все преграды
Overlong Glance	Затянувшийся взгляд
Overpowering Point	Подавляющее остриё
Oversampled Wave Cannon	Волновая пушка с избыточной выборкой
Overtone Shriek	Обертонический вопль
Overwhelming Charge	Подавляющий рывок
Overwhelming Force	Подавляющая сила
Owling Trap	Совиная ловушка
Pack Predation	Стайная охота
Padjali Bravery	Храбрость паджалов
Page Tear	Разрыв страницы
Pain Mire	Трясина боли
Pain Storm	Буря боли
Paladin Force	Сила паладина
Palladian Grasp	Палладианская хватка
Palladian Ray	Палладианский луч
Palm Quake	Землетрясение ладони
Pandora's Box	Ящик Пандоры
Pandæmon's Holy	Святость Пандемона
Panel Swap	Перестановка панелей
Panta Rhei	Всё течёт
Panzer Vor	Танки вперёд
Paper Cut	Порез бумагой
Paradisal Dive	Райское пикирование
Paradise Lost	Потерянный рай
Parallel Execution	Параллельная казнь
Paralytic Fan	Парализующий веер
Paralytic Gas	Парализующий газ
Paralyzing Roar	Парализующий рёв
Paranormal Activity	Паранормальная активность
Paranormal Wave	Паранормальная волна
Parhelic Circle	Паргелический круг
Pari's Curse	Проклятие пери
Parted Plumes	Разделённые перья
Partial Immolation	Частичное сожжение
Particle Blast	Взрыв частиц
Particle Collision	Столкновение частиц
Particle Concentration	Сосредоточение частиц
Party Synergy	Взаимодействие группы
Passing Lance	Проходящее копьё
Passions' Heat	Жар страстей
Passive Infrared Guidance System	Пассивная система инфракрасного наведения
Past's End	Конец прошлого
Paste Program	Вставка программы
Pasts Forgotten	Забытые прошлые
Pater Patriae	Отец отечества
Pathocircuit Purge	Очищение патологического контура
Pathocross Purge	Очищение патологического креста
Pathogenic Cells	Патогенные клетки
Pathogenic Power	Патогенная сила
Patricidal Pique	Гнев отцеубийцы
Pause Time	Остановка времени
Pavor Inanis	Страх пустоты
Pavor Nocturnus	Ночной страх
Pawn Off	Сбыть с рук
Pay the Piper	Расплата
Peak Peril	Вершина опасности
Peak Shot	Выстрел с вершины
Pecking Flurry	Шквал клевков
Pedestal Purge	Очищение пьедестала
Peerless Valor	Несравненная доблесть
Pelagic Cleaver	Океанский рассекатель
Penance Pianissimo	Тихое покаяние
Penetrating Pitch	Проникающая смола
Penetrator Missile	Бронебойная ракета
Penitent Blade	Кающийся клинок
Penumbral Brilliance	Полутеневое сияние
Percussive Foin	Ударный выпад
Perfect Contrition	Совершенное раскаяние
Perfect Crime	Идеальное преступление
Perfect Decimation	Совершенное истребление
Perfect Landing	Идеальное приземление
Perfumed Quietus	Благоухающая смерть
Perigean Breath	Дыхание перигея
Perilous Lair	Опасное логово
Perimeter Cannon	Пушка периметра
Peripheral Lasers	Периферийные лазеры
Personal Barrier	Личный барьер
Pestilent Fan	Чумной веер
Pestilent Penance	Чумное покаяние
Pestilent Sphere	Чумная сфера
Petal Shot	Выстрел лепестком
Petal Shower	Дождь лепестков
Petrified Peat	Окаменевший торф
Petrifying Regard	Окаменяющий взгляд
Petro Eyes	Каменные глаза
Phagocyte Spotlight	Прожектор фагоцита
Phantom Admonishment	Призрачное наставление
Phantom Kin	Призрачная родня
Phase Shift	Фазовый сдвиг
Pheromone Leak	Утечка феромонов
Phoenix Shift	Сдвиг феникса
Piercing Insight	Проницательное озарение
Pile Pitch	Груда смолы
Pile Pyre	Нагромождённый костёр
Pillar Impact	Удар столпа
Pillar Pierce	Пронзание столпом
Pillar Shatter	Разрушение столпа
Pinecone Bomb	Бомба-шишка
Pinning Shot	Пригвождающий выстрел
Pins and Nails	Булавки и гвозди
Pinwheeling Dartboard	Вращающаяся мишень
Pipe Cleaner	Ёршик для труб
Piping Pour	Раскалённое излияние
Pit Ambush	Засада в яме
Pitch Bog	Смоляное болото
Pitiful Fall	Жалкое падение
Piton Pull	Рывок скального крюка
Place Dark Token	Размещение тёмного жетона
Place Token	Размещение жетона
Placid Punch	Безмятежный удар
Plain Pound	Простой удар
Plain Weirdness	Сплошная странность
Plan B	План Б
Planar Prison	Межпространственная тюрьма
Planar Tactics	Межпространственная тактика
Plate Fracture	Раскол пластины
Play A-side	Воспроизведение стороны А
Play B-side	Воспроизведение стороны Б
Play Rough	Грубая игра
Playful Breeze	Игривый ветерок
Playful Orbit	Игривая орбита
Pliant Petals	Гибкие лепестки
Pluck and Prune	Сорвать и подрезать
Plumefall Trap	Ловушка падающих перьев
Pod Burst	Взрыв капсулы
Point Maker	Веский довод
Point: Black	Точка: чёрный
Point: White	Точка: белый
Pointed Purgation	Заострённое очищение
Pointed Spearing	Острое пронзание
Poison Passel	Ядовитая масса
Poison Pollen Pair	Пара ядовитой пыльцы
Poisoned Blade	Отравленный клинок
Poisoned Words	Ядовитые слова
Poisonga II	Ядовитая волна 2
Polar Magnetism	Полярный магнетизм
Polar Roar	Полярный рёв
Polarized Glow	Поляризованное свечение
Polarized Ray	Поляризованный луч
Polarizing Paths	Поляризующие пути
Polarizing Strikes	Поляризующие удары
Pole Reversal	Обращение полюсов
Pole Shift	Смена полюсов
Pollen Corona	Корона пыльцы
Pollen Lure	Пыльцевая приманка
Polydegmon's Price	Цена Полидегмона
Polydegmon's Purgation	Очищение Полидегмона
Polyominoid Sigma	Полиоминоид сигма
Polyominous Dark IV	Полиоминоидная тьма 4
Pom Praise	Похвала помпону
Pomp and Circumstance	Великолепие и торжество
Port and Star	Левый и правый борта
Portentous Comet	Зловещая комета
Portentous Cometeor	Зловещий малый метеор
Positron Stream	Поток позитронов
Potent Perfume	Сильный аромат
Pounce Errant	Блуждающий прыжок
Pound Sand	Колотить песок
Power Gusher	Фонтан силы
Power Serge	Силовая ткань
Pox Flail	Чумной цеп
Prakamya Siddhi	Пракамья-сиддхи
Prapti Siddhi	Прапти-сиддхи
Preach Down	Назидание свысока
Precious Meow-ring	Драгоценное мяу-кольцо
Precise Strike	Точный удар
Precision Cannon	Высокоточная пушка
Precision Guided Missile	Высокоточная управляемая ракета
Predaceous Pounce	Хищный прыжок
Predator Claws	Когти хищника
Predatorial Instinct	Хищный инстинкт
Predatory Avarice	Хищная алчность
Predatory Sight	Хищный взор
Predatory Swoop	Хищное пикирование
Preening Prism	Прихорашивающаяся призма
Prehistoric Trumpet	Доисторический трубный звук
Prelude to Liberation	Прелюдия к освобождению
Prelude to Slaughter	Прелюдия к резне
Present Box	Подарочная коробка
Pressure Decrease	Снижение давления
Pressure Increase	Повышение давления
Pressure Wave	Волна давления
Prevailing Current	Преобладающее течение
Preying Posture	Охотничья поза
Preying Swipe	Охотничий взмах
Prickly Left	Колючий левый удар
Prickly Right	Колючий правый удар
Prime Blade	Первозданный клинок
Prime Guillotine	Первозданная гильотина
Prime Knowledge Level Death	Первозданное знание: смерть по уровню
Primeval Stasis	Первобытный стазис
Primordial Bark	Первозданная кора
Primus Terminus Est	Первый конечный предел
Princely Blow	Княжеский удар
Princess's Cacophony	Какофония принцессы
Princess's Threnody	Плач принцессы
Print Workers	Печать рабочих
Prismatic Deception	Призматический обман
Prismatic Wing	Призматическое крыло
Proactive Munition	Упреждающий боеприпас
Profane Pressure	Кощунственное давление
Profane Waul	Кощунственный вой
Program Alpha	Программа альфа
Program Loop	Программный цикл
Program Omega	Программа омега
Projectile Spit	Выстрел плевком
Prominence Spine	Хребет протуберанца
Promised Fall	Обещанное падение
Propeller Wind	Ветер пропеллера
Propulsive Prophecy	Движущее пророчество
Protective Will	Защитная воля
Proto-wave Cannon	Прототип волновой пушки
Protolithic Puncture	Прокол первокамня
Prototype Laser Alpha	Прототип лазера альфа
Prototype Laser Beta	Прототип лазера бета
Proud Palisade	Гордый частокол
Proving Ground	Испытательный полигон
Prowling Death	Крадущаяся смерть
Prowling Gale	Крадущийся шквал
Proximity Plasma	Контактная плазма
Proximity Pyre	Контактный костёр
Psychic Wave	Психическая волна
Psycho Squama	Психическая чешуя
Psychokinetic Charge	Психокинетический заряд
Ptera Ixou	Крылья омелы
Pteraspit to Turntail	Крылатый плевок и разворот хвоста
Pterosquirrel Plague	Чума крылобелок
Puck's Breath	Дыхание Пака
Puck's Caprice	Каприз Пака
Puck's Rebuke	Укор Пака
Pudding Graf	Пудинговое граффити
Pudding Party	Пудинговая вечеринка
Puff and Tumble	Дуновение и кувырок
Pulp Smash	Сокрушение в кашу
Pulping Pulse	Размалывающий импульс
Pulsar Wave	Волна пульсара
Pungent Aerosol	Едкий аэрозоль
Pungent Pirouette	Едкий пируэт
Punitive Light	Карающий свет
Punutiy Flop	Плюх пунутия
Punutiy Press	Пресс пунутия
Puppet Pair	Пара марионеток
Puppet Strings	Нити марионетки
Pure of Heart	Чистый сердцем
Pure of Soul	Чистый душой
Purgatorial Flame	Пламя чистилища
Purifying Light	Очищающий свет
Purulent Ooze	Гнойная слизь
Putrid Breath	Гнилостное дыхание
Putrid Cloud	Гнилостное облако
Putrified Soul	Сгнившая душа
Pyre Pulse	Импульс костра
Pyretic Eruption	Лихорадочное извержение
Pyretic Wurm	Лихорадочный змий
Quad Rule	Четверное правило
Quadroboom Bombarian Special	Четырёхвзрывной бомбарский особый приём
Quadroboom Dive	Четырёхвзрывное пикирование
Quadrupedal Crush	Сокрушение на четырёх лапах
Quadrupedal Impact	Удар на четырёх лапах
Quadruple Skull Dasher	Четверной раскалыватель черепа
Quadruple Technical Step	Четверной технический шаг
Quake Me Away	Унеси меня землетрясением
Quake in Your Boots	Дрожь в сапогах
Quarry Lake	Карьерное озеро
Quarry Swamp	Карьерное болото
Quarter Beats	Четвертные удары
Queasy Cloud	Тошнотворное облако
Quelling Strikes	Усмиряющие удары
Quelling Tactics	Тактика усмирения
Quick Creeper	Быстрый ползун
Quickmarch Trio	Трио быстрого марша
Quiet World	Тихий мир
Quintuple Inhale	Пятикратный вдох
Quintuple Sneeze	Пятикратное чихание
R010: Laser	Эр-010: лазер
R011: Laser	Эр-011: лазер
R012: Laser	Эр-012: лазер
R030: Hammer	Эр-030: молот
Rack and Ruin	Полный разгром
Radial Blaster	Радиальный бластер
Radial Flagration	Радиальное возгорание
Radiant Desperado	Сияющий отчаянный стрелок
Radiate Heat	Излучение жара
Radical Shift	Коренной сдвиг
Raiding Force	Рейдовая сила
Rail Cannon	Рельсовая пушка
Rain Storm	Ливневая буря
Rainbow Dynamo	Радужное динамо
Rainbow Road	Радужная дорога
Raining Cats	Кошачий дождь
Raining Swords	Дождь мечей
Rainy Day	Дождливый день
Raised Tribute	Вознесённая дань
Raking Scratch	Размашистая царапина
Rampaging Rear Carve	Неистовый разрез сзади
Ranaa's Finish	Завершение Ранаа
Rancid Belch	Прогорклая отрыжка
Rancid Pheromones	Прогорклые феромоны
Rancor Release	Высвобождение злобы
Ranger Rage	Ярость следопыта
Ranine Comedy	Лягушачья комедия
Rank and File	Ряд и строй
Rapid Rotary	Быстрое вращение
Rapid-sequence Particle Beam	Скоростная серия лучей частиц
Raptor Knuckles	Кулаки раптора
Raptorial Spike	Хищный шип
Rapturous Reach	Восторженный охват
Rasen Kaikyo	Расэн Кайкё
Raucous Scritch	Хриплый скрежет
Ravaging Axe	Разоряющий топор
Ravaging Roots	Разоряющие корни
Raven Dive	Пикирование ворона
Raven's Ascent	Восхождение ворона
Ravening Maw	Ненасытная пасть
Ravening Shadow	Ненасытная тень
Raw Steel Trophy	Трофей сырой стали
Razing Roar	Разрушительный рёв
Razing-volley Particle Beam	Разрушительный залп лучей частиц
Razor Zephyr	Бритвенный зефир
Re-entry Blast	Взрыв при возвращении
Re-entry Plunge	Падение при возвращении
Reactive Munition	Реактивный боеприпас
Read Orders: Coordinated Assault	Чтение приказов: согласованный штурм
Read Orders: Field Support	Чтение приказов: полевая поддержка
Read Orders: Shots Fired	Чтение приказов: открыть огонь
Ready Ore Not	Рудная готовность
Realm Shaker	Сотрясатель царств
Reaper's Gale	Шквал жнеца
Rear Guns	Задние пушки
Rear Guns 2.0	Задние пушки, версия 2.0
Rear Guns > Fore Arms 2.0	Задние пушки в передние руки, версия 2.0
Rearing Rampage	Буйство на дыбах
Rearward Potion	Зелье назад
Reaving Wind	Грабительский ветер
Receding Twin Tides	Отступающие двойные приливы
Receding Twintides	Отступающие двойные приливы
Reckless Abandon	Безоглядное безрассудство
Reckless Charge	Безрассудный рывок
Recommended for You	Рекомендовано вам
Reconfigured Partition	Перестроенная перегородка
Recovery Rune	Руна восстановления
Recreate Meteor	Воссоздание метеора
Recreate Signal	Воссоздание сигнала
Recreate Structure	Воссоздание сооружения
Red Hot	Раскалённый докрасна
Red Lotus Blade	Клинок красного лотоса
Red Wedding	Красная свадьба
Reducible Complexity	Устранимая сложность
Reek Havoc	Зловонный хаос
Reflected Axe Kick	Отражённый удар ногой сверху
Reflected Drachen Armor	Отражённый драконий доспех
Reflected Driving Frost	Отражённый налетающий мороз
Reflected Scythe Kick	Отражённый косящий удар ногой
Reflective Coat	Отражающий покров
Reforged Reflection	Перекованное отражение
Refracted Laser	Преломлённый лазер
Refraction Cannons	Преломляющие пушки
Refreshing Overkill	Освежающее избыточное убийство
Refreshing Shower	Освежающий душ
Regal Air	Царственный воздух
Regal Fulguration	Царственное сверкание молний
Regicidal Rage	Ярость цареубийцы
Reign's End	Конец правления
Reinforced Gunshield	Усиленный пушечный щит
Rejuvenating Balm	Омолаживающий бальзам
Rejuvenating Spark	Омолаживающая искра
Remove Barrel	Снятие ствола
Rend Mind	Разрыв разума
Rend the Rift	Разрыв разлома
Repelling Cannons	Отталкивающие пушки
Reprobate's Reward	Награда отверженного
Request Assistance	Запрос помощи
Resentful Left Sweep	Злопамятный левый взмах
Resentful Right Sweep	Злопамятный правый взмах
Resentment Overflowing	Переполняющая обида
Resetting Spray	Обнуляющие брызги
Resin Ammunition	Смоляные боеприпасы
Resin Bomb	Смоляная бомба
Resonant Buzz	Резонансное жужжание
Resonant Frequency	Резонансная частота
Resonant Winds	Резонансные ветры
Resonating Echo	Резонирующее эхо
Restore Gravity	Восстановление гравитации
Restraint Collar	Сдерживающий ошейник
Retinal Glare	Сетчаточный взгляд
Retrieve Program	Извлечение программы
Return to Nothing	Возвращение в ничто
Reverberating Roar	Раскатистый рёв
Reverse Alley-oop	Обратный аллей-уп
Reverse Code	Обратный код
Reverse Current	Обратный ток
Reverse Polarity	Обратная полярность
Reverse Time Eruption	Извержение обратного времени
Revolting Ruin	Отвратительная руина
Revolting Ruin III	Отвратительная руина 3
Revolutionary Reign	Революционное правление
Rhalgr's Beacon	Маяк Ралгра
Rhalgr's Fist	Кулак Ралгра
Rhalgr's Piece	Частица Ралгра
Rheognosis Petrine	Каменное познание потока
Rhino Attack	Атака носорога
Rhino Guard	Защита носорога
Rhino Wrecker	Носорог-разрушитель
Rhopalon Swing	Взмах палицей
Rhopalon Swipe	Удар палицей
Rhythm Rings	Кольца ритма
Riddle Failed	Загадка не разгадана
Riddle Solved	Загадка разгадана
Ride Down	Растоптать верхом
Ride the Waves	Оседлать волны
Right Firaga Forte	Правая мощная Фирага
Right Fireflight: Fact and Fiction	Правый огненный полёт: правда и вымысел
Right Fireflight: Four Long Nights	Правый огненный полёт: четыре долгие ночи
Right Fireflight: Three Nights	Правый огненный полёт: три ночи
Right Fireflight: Two Nights	Правый огненный полёт: две ночи
Right in the Dark	Справа во тьме
Right-Left Combination	Комбинация справа налево
Right-Left Scalpel	Скальпель справа налево
Right-arm Blaster	Бластер правой руки
Right-arm Comet	Комета правой руки
Right-arm Limit Cut	Предельный разрез правой рукой
Right-arm Ray	Луч правой руки
Right-sided Shockwave	Ударная волна справа
Rightbreathed Cold	Холодное дыхание справа
Righteous Bolt	Праведная молния
Rightful Reprobation	Справедливое осуждение
Rightward Parasu	Парашу вправо
Rime Wreath	Венок инея
Ring a Ring o' Explosions	Хоровод взрывов
Ringing Quoits	Звенящие кольца
Ringscross Strikes	Удары скрещённых колец
Riotous Rampage	Буйное неистовство
Rip Current	Отбойное течение
Ripe Banana	Спелый банан
Ripper Claw	Раздирающий коготь
Ripper Fang	Раздирающий клык
Ripping Blade	Раздирающий клинок
Rippling Evisceration	Волнообразное потрошение
Rise and Fall	Подъём и падение
Rising Dragon	Восходящий дракон
Rock Hard	Каменная твёрдость
Rock and Refrain	Рок и припев
Rocket Drill	Ракетный бур
Rocket Punch	Ракетный кулак
Rogue Wave	Волна-убийца
Rokujo Revel	Разгул Рокудзё
Rooster Rush	Петушиный рывок
Root Arrangement	Расположение корней
Root Uplift	Подъём корней
Rose Red	Красная роза
Roseblood Bloom	Цветение крови розы
Roseblood Drop	Капля крови розы
Roseblood Withering	Увядание крови розы
Roseblood: 2nd Bloom	Кровь розы: второе цветение
Roseblood: 3rd Bloom	Кровь розы: третье цветение
Roseblood: 4th Bloom	Кровь розы: четвёртое цветение
Roseblood: 5th Bloom	Кровь розы: пятое цветение
Roseblood: 6th Bloom	Кровь розы: шестое цветение
Rot Gas	Гнилостный газ
Rotary Gale	Вращающийся шквал
Rotary Slash	Вращающийся разрез
Rotate Left	Поворот влево
Rotate Right	Поворот вправо
Rotten Onion	Гнилой лук
Rotten Tomato	Гнилой помидор
Rotting Arrow	Гниющая стрела
Rotting Bandages	Гниющие бинты
Rotting Elegy	Гниющая элегия
Rotting Roar	Гниющий рёв
Roundhouse Current	Круговой ток
Rousing Reincarnation	Пробуждающее перерождение
Royal Pentacle	Королевская пентаграмма
Rub Burn	Ожог от трения
Rubber Bullet	Резиновая пуля
Rubbish Disposal	Утилизация мусора
Rubistellar Collision	Столкновение красной звезды
Rue the Maelstrom	Сожаление о водовороте
Rueful Outburst	Горестная вспышка
Ruffled Feathers	Взъерошенные перья
Ruin Foretold	Предсказанное разрушение
Ruinous Contraction	Разрушительное сжатие
Ruinous Locus	Разрушительное место
Ruinous Pseudomen	Разрушительное ложное знамение
Rumbling Thunder	Грохочущий гром
Run Amok	Неистовство без удержу
Run Program	Запуск программы
Run Through	Пронзить насквозь
Run Wild	Разбушеваться
Run: ****mi*	Выполнить: ****ми*
Run: ****mi* (Delta Version)	Выполнить: ****ми* (версия дельта)
Run: ****mi* (Omega Version)	Выполнить: ****ми* (версия омега)
Run: ****mi* (Sigma Version)	Выполнить: ****ми* (версия сигма)
Runaway Runoff	Неуправляемый сток
Runaway Sludge	Неуправляемый ил
Runaway Train	Неуправляемый поезд
Rune Axe	Рунический топор
Rushing Rumble Rampage	Стремительное грохочущее буйство
Rusted Knives	Ржавые ножи
Rusting Claw	Ржавеющий коготь
Rustling Breeze	Шелестящий ветерок
Rustling Wind	Шелестящий ветер
Rusty Swipe	Ржавый взмах
Ruthless Bombardment	Безжалостная бомбардировка
Ruthless Refrain	Безжалостный припев
Ruthless Regalia	Безжалостные регалии
Saber Rush	Сабельный рывок
Sable Thread	Чёрная нить
Sable Weave	Чёрное плетение
Sacrament Sforzando	Акцентированное таинство
Sacred Assembly	Священное собрание
Sacred Garden	Священный сад
Sacred Totem	Священный тотем
Sadistic Attack	Садистская атака
Sadistic Screech	Садистский визг
Sage's Staff	Посох мудреца
Saibai Mandragora	Выращенная мандрагора
Salas Burst	Взрыв Саласа
Saline Spit	Солёный плевок
Salivous Snap	Слюнявый щелчок
Salt Stomp	Соляной топот
Saltwater Shot	Выстрел солёной водой
Salvation's Reach	Предел спасения
Salvo Script	Сценарий залпа
San no Tachi	Третий удар меча
Sanctified Revival	Освящённое возрождение
Sanctified Staccato	Освящённое стаккато
Sanctified Vivify	Освящённое оживление
Sandpearl Shroud	Покров песчаного жемчуга
Sap Shower	Дождь древесного сока
Sap Spiller	Разливатель древесного сока
Sapphire Ray	Сапфировый луч
Satellite Laser	Спутниковый лазер
Satrap's Wrath	Гнев сатрапа
Saturation Bombing Maneuver	Манёвр массированной бомбардировки
Savage Barbery	Свирепая стрижка
Scalding Fleet	Обжигающий флот
Scale Darts	Дротики из чешуи
Scale Ripple	Рябь чешуи
Scalekin Skinner	Свежеватель чешуйчатых
Scarecrow Chase	Погоня пугала
Scathing Net	Обжигающая сеть
Scatter Strike	Рассеянный удар
Scattered Burst	Рассеянный взрыв
Scattered Kindling	Разбросанная растопка
Scattered Magic	Рассеянная магия
Scavenger's Daughter	Дочь мусорщика
Scented Breeze	Ароматный ветерок
Scintillant Lance	Искристое копьё
Scission Thrust	Рассекающий выпад
Scissor Run	Ножничный разбег
Scold's Bridle	Узда сварливости
Scorched Earth	Выжженная земля
Scorched Exaltation	Опалённое ликование
Scorched Pinion	Опалённое маховое перо
Scorching Left	Обжигающий левый удар
Scorpion Avatar	Аватар скорпиона
Scourging Blaze	Бичующее пламя
Scouring Scolding	Разъедающая выволочка
Scouring Scorn	Разъедающее презрение
Scouring Tsunami	Разъедающее цунами
Scrambled Succession	Перемешанная последовательность
Scrap Meddle	Вмешательство металлолома
Scrapline Storm	Буря линии лома
Scratch Fever	Лихорадка царапин
Screaming Score	Кричащая партитура
Sculptor's Passion	Страсть скульптора
Sculpture Cast	Отливка скульптуры
Scuttling Skewer	Снующее пронзание
Scythe Kick	Косящий удар ногой
Scythe Tail	Хвост-коса
Sea Shackles	Морские оковы
Sea Swallows All	Море поглотит всё
Seabed Ceremony	Церемония морского дна
Seafoam Spiral	Спираль морской пены
Seal Asunder	Разрыв печати
Sealed Implements	Запечатанные орудия
Seamless Form	Бесшовная форма
Search and Destroy	Найти и уничтожить
Searing Moglight	Обжигающий муглосвет
Seas' Blessing	Благословение морей
Season's Passing	Смена сезона
Secondary Head	Вторая голова
Secret Breeze	Тайный ветерок
Secrets Revealed	Раскрытые тайны
Sector Bisector	Деление сектора пополам
Secundus Terminus Est	Второй конечный предел
Sedimentary Debris	Осадочные обломки
Seductive Scream	Соблазнительный крик
Seductive Sonata	Соблазнительная соната
See No Evil	Не видеть зла
Seeding Needles	Сеющие иглы
Selenain Mysteria	Лунные мистерии
Senri's Blessing	Благословение сэнри
Sense Weakness	Ощущение слабости
Sensilla Blades	Клинки сенсилл
Sensory Deprivation	Лишение чувств
Sentinel Roar	Рёв стража
Sentryfugal Slash	Разрез вращающегося стража
Sequential Blows	Последовательные удары
Seraph Blade	Клинок серафима
Sergeant on Duty	Сержант на службе
Serial Magicks	Последовательные чары
Serial Torture	Последовательные пытки
Serpent Ascending	Восходящий змей
Serpent Descending	Нисходящий змей
Serpent Rising	Поднимающийся змей
Serpent Shot	Змеиный выстрел
Serpent-eye Sigil	Печать змеиного глаза
Serpentine Scourge	Змеиный бич
Serpentine Strike	Змеиный удар
Serpents' Tide	Прилив змей
Serrated Spin	Зазубренное вращение
Servant Enkindle	Воспламенение слуги
Servant Roar	Рёв слуги
Setting the Scene	Подготовка сцены
Settling Stone	Оседающий камень
Seventh Passage	Седьмой переход
Seventh Sense	Седьмое чувство
Seventh Umbral Era	Седьмая тёмная эра
Seventh Wave	Седьмая волна
Seventy-seventh Wave	Семьдесят седьмая волна
Several Thousand Needles	Несколько тысяч игл
Severe Contamination	Сильное заражение
Severe Snort	Суровое фырканье
Severing Fang	Отсекающий клык
Sewer Water	Канализационная вода
Shade Shot	Теневой выстрел
Shades' Crossing	Пересечение теней
Shades' Nest	Гнездо теней
Shadow Crescent	Теневой полумесяц
Shadow Kasumi-giri	Теневой разрез тумана
Shadow Servant	Теневой слуга
Shadow Siblings	Теневые братья
Shadow Spawn	Порождение тени
Shadow Warrior	Теневой воин
Shadowed Messengers	Затенённые посланники
Shadows' Sabbath	Шабаш теней
Shadowy Eruption	Теневое извержение
Shadowy Sigil	Теневая печать
Shapeshifting Supercell	Меняющая форму сверхъячейка
Sharpened Rage	Заострённая ярость
Sheep Song	Овечья песнь
Sheer Force	Чистая сила
Sheer Heart Attack	Неистовый сердечный приступ
Shifting Shape	Смена формы
Shimmering Shot	Мерцающий выстрел
Shine Braver	Сияющий храбрец
Shining Amber	Сияющий янтарь
Shiny Summoning	Блестящий призыв
Shock Blast	Электрический взрыв
Shock Missile	Электрическая ракета
Shock Therapy	Шоковая терапия
Shock: Black	Разряд: чёрный
Shock: White	Разряд: белый
Shockwave Pulsar	Пульсар ударной волны
Shockwave Stomp	Топот ударной волны
Shooting Star	Падающая звезда
Shore Shaker	Сотрясатель берега
Short Burst	Короткая очередь
Short Needle	Короткая игла
Short-range Missile	Ракета малой дальности
Shortsword and Sorcery	Короткий меч и чародейство
Shortwave Maser	Коротковолновый мазер
Shot Put	Толкание ядра
Shot in the Dark	Выстрел во тьме
Shots Fired	Огонь открыт
Shoulder Cannon	Наплечная пушка
Shower Power	Сила ливня
Shrapnel Impact	Удар шрапнели
Shrapnel Shell	Шрапнельный снаряд
Shrill Peal	Пронзительный звон
Shrill Shriek	Пронзительный вопль
Shrinking Circles of Ablution	Сужающиеся круги омовения
Shrouded Holy	Сокрытая святость
Sick Swell	Безумная волна
Sickest Take-off	Самый безумный взлёт
Sickle Slash	Разрез серпом
Sickle Strike	Удар серпом
Side Cannons	Боковые пушки
Side Gardening	Боковое садоводство
Sidelong Glance	Косой взгляд
Sidestriking Spin	Вращение с боковым ударом
Sideways Fire II	Боковой огонь 2
Sidewise Slice	Боковой разрез
Sidewise Spark	Боковая искра
Siege Engine	Осадная машина
Signal Flare	Сигнальная ракета
Silken Fingers	Шёлковые пальцы
Silken Spray	Шёлковые брызги
Silver Sledge	Серебряная кувалда
Silvered Edge	Посеребрённое лезвие
Simultaneous Activation	Одновременное включение
Sina Burst	Взрыв Сины
Singin' in the Rain	Поющие под дождём
Single Buster	Одиночный сокрушитель
Single Charge	Одиночный рывок
Single Style	Одиночный стиль
Singular Apocalypse	Единственный апокалипсис
Sinistral Icecleave	Левый ледяной разрез
Six-bladed Khadga	Шестиклинковая кхадга
Six-handed Fistfight	Кулачный бой шестью руками
Sixth Trumpet	Шестая труба
Skewering Lance	Пронзающее копьё
Skineater Surge	Волна пожирателя кожи
Skip Program	Пропуск программы
Skulking Orders	Приказы скрываться
Skull Dasher	Раскалыватель черепа
Skull Sunder	Раскол черепа
Sky-high Drive	Рывок в небеса
Skylight Cross	Крест небесного света
Skyrending Strike	Удар, разрывающий небо
Skyrending Swing	Взмах, разрывающий небо
Skyward Leap	Прыжок в небо
Skyward Swing	Взмах в небо
Slam Shut	Захлопывание
Slash and Burn	Рубить и жечь
Slayous Snicker-snack	Убийственный чик-чирик
Slender Spines	Тонкие колючки
Slice 'n' Dice	Резать и кромсать
Slice 'n' Strike	Резать и бить
Slicing Sickle	Режущий серп
Slickened Slime	Скользкая слизь
Sliding Swipe	Скользящий взмах
Slimy Summon 	Слизистый призыв
Slippery Scatterscourge	Скользкий рассеивающий бич
Slippery Soap	Скользкое мыло
Slitherbane Foreguard	Передняя стража погибели ползучих
Slitherbane Rearguard	Задняя стража погибели ползучих
Slithering Strike	Ползучий удар
Slow Deflagration	Медленное взрывное горение
Slow Play	Медленная игра
Sludge Bomb	Бомба из ила
Slumber Breath	Усыпляющее дыхание
Slumber Cloud	Усыпляющее облако
Small Claw	Малый коготь
Small Specimen	Малый образец
Small for One	Малый на одного
Small-bore Laser	Малокалиберный лазер
Smash Here	Разбить здесь
Smash There	Разбить там
Smashing Blow	Сокрушительный удар
Smashing Stamp	Сокрушительный топот
Smiting Left	Разящий левый удар
Smoke Rings	Кольца дыма
Smoke Stack	Дымовая труба
Smoke and Mirrors	Дым и зеркала
Smothering Tsunami	Удушающее цунами
Snake Eater	Пожиратель змей
Snake Shot	Змеиный выстрел
Snakehead Punch	Удар змеиной головой
Snaking Flame	Извивающееся пламя
Snaking Kick	Извивающийся удар ногой
Snaking Necrobreath	Извивающееся мёртвое дыхание
Snap Jaw	Щёлкающая челюсть
Snapping Spell	Щёлкающее заклинание
Snatch Morsel	Ухватить кусочек
Sneak Attack	Скрытая атака
Sniper Cannon	Снайперская пушка
Sniper Shot	Снайперский выстрел
Snow Drift	Снежный занос
Snowball Flight	Полёт снежка
Snowdust Sweep	Взмах снежной пыли
Soaking Splatter	Промачивающие брызги
Soap's Up	Мыло пошло
Soaping Spree	Мыльное раздолье
Soapsud Static	Статический заряд мыльной пены
Soaring Minuet	Парящий менуэт
Soaring Soulpress	Парящий пресс души
Soil Coat	Земляной покров
Soil Smear	Земляной мазок
Solar Fans	Солнечные веера
Solar Flair	Солнечный шик
Solar Fold	Солнечная складка
Soldier on Duty	Солдат на службе
Solemn Charge	Торжественный рывок
Solemn Confiteor	Торжественное исповедание
Solid Ascension	Твёрдое вознесение
Solid Leverage	Прочный рычаг
Solid Souls' Caliber	Калибр твёрдых душ
Solid Stone	Твёрдый камень
Solidifying Secretion	Затвердевающее выделение
Solitaire Ring	Кольцо-солитер
Somber Dance	Мрачный танец
Somber Melody	Мрачная мелодия
Someone's Grudge	Чья-то злоба
Somersault Slash	Разрез в сальто
Song Rune	Руна песни
Sonic Bloop	Звуковой бульк
Sonorous Blast	Гулкий взрыв
Soothing Glimmer	Успокаивающее мерцание
Soothing Song	Успокаивающая песнь
Soporific Gas	Усыпляющий газ
Sorcerous Shroud	Чародейская пелена
Sordid Steam	Грязный пар
Soul Aflame	Пылающая душа
Soul Binding	Связывание души
Soul Steal	Кража души
Soul Strand	Нить души
Soul and Body	Душа и тело
Soul's Measure	Мера души
Soul's Release	Освобождение души
Soulbane Saber	Сабля погибели душ
Soulbane Shock	Разряд погибели душ
Soulless Stream	Бездушный поток
Sour Belch	Кислая отрыжка
Sour Sough	Кислый шелест
South Wind	Южный ветер
Southerly Shift	Сдвиг на юг
Southern Star	Южная звезда
Southron Star	Звезда юга
Sovereign Scar	Владычный шрам
Sowing Circle	Посевной круг
Sowing Dread	Посев ужаса
Sowing Fear	Посев страха
Sowing Panic	Посев паники
Spark Grenade	Искровая граната
Sparkling Intensifies	Усиление искрения
Sparkling Sprinkling	Искристое орошение
Spatial Tactics	Пространственная тактика
Spawn Shadow	Порождение тени
Spear Jab	Тычок копьём
Spear Sequence	Последовательность копий
Spearman's Orders	Приказы копейщика
Spearpoint Push	Толчок остриём копья
Spears Three	Три копья
Special Bombarian Special	Особенный бомбарский особый приём
Specialty Solution	Особый раствор
Spectacular Sparks	Зрелищные искры
Spell Flame	Колдовское пламя
Spell Procession	Шествие заклинаний
Spellblade Blizzard III	Зачарованный клинок: метель 3
Spellblade Fire III	Зачарованный клинок: огонь 3
Spellblade Holy	Зачарованный клинок: святость
Spellblade Thunder III	Зачарованный клинок: гром 3
Spells' Trouble	Колдовская беда
Sphere Shatter	Разрушение сферы
Spider Thread	Паучья нить
Spider Web	Паутина
Spike Flail	Шипастый цеп
Spiked Tail	Шипастый хвост
Spilling Wave	Разливающаяся волна
Spin Out	Вылет во вращении
Spinal Tap	Спинномозговая пункция
Spinebreaking Stampede	Хребтоломная давка
Spinner's Wheel	Колесо Пряхи
Spinning Axle	Вращающаяся ось
Spinning Mogshield	Вращающийся муглощит
Spirit Taker	Похититель духа
Spirited Burst	Одухотворённый взрыв
Spirited Charge	Одухотворённый рывок
Spirits Without	Духи снаружи
Spiritual Ray	Духовный луч
Spit Flame	Плевок пламенем
Spite Check	Проверка злобы
Spite Smite	Злобная кара
Spite Wave	Волна злобы
Spittle Splatter	Брызги слюны
Splash Bomb	Брызгающая бомба
Splash Grenade	Брызгающая граната
Splashing Tsunami	Брызгающее цунами
Splintering Nails	Расщепляющие гвозди
Splitting Cry	Раскалывающий крик
Splitting Hairs	Расщепление волос
Splitting Rage	Разделяющая ярость
Spoiling Smash	Разрушающий удар
Spoken Cataract	Изречённый водопад
Spontaneous Combustion	Самовозгорание
Spore Sac	Споровый мешок
Spot Remover	Пятновыводитель
Spray Pain	Распыление боли
Spread Love	Распространение любви
Spreading Fear	Распространение страха
Spreading Fire	Распространение огня
Spriggan Motif	Мотив сприггана
Spring Flowers	Весенние цветы
Spring to Life	Пробуждение к жизни
Sprout Smack	Удар ростком
Sprout Spin	Вращение ростка
Spun Lightning	Свитая молния
Spurning Flames	Отвергающее пламя
Squeaky Clean	Чистота до скрипа
Squeaky Left	Скрипучий левый удар
Squeaky Right	Скрипучий правый удар
Squire on Duty	Оруженосец на службе
Squish and Flick	Сжать и отбросить
Squish and Stick	Сжать и приклеить
Stable Cannon	Стабильная пушка
Stacking the Deck	Подтасовка колоды
Staff Smite	Кара посоха
Stage Combat	Сценический бой
Staggering Breath	Ошеломляющее дыхание
Stagnant Haze	Застойная дымка
Stagnant Spray	Застойные брызги
Stained Chaos	Запятнанный хаос
Stained Thrust	Запятнанный выпад
Stalagmite Circle	Круг сталагмитов
Stampeding Thunder	Несущийся гром
Standard Retrieval	Возврат штандарта
Standard Surface Missile	Стандартная наземная ракета
Standing Chine	Вздыбленный хребет
Star Beyond Stars	Звезда за звёздами
Star Map	Звёздная карта
Starboard Wave Cannon	Волновая пушка правого борта
Starboard Wave Cannon Surge	Залп волновой пушки правого борта
Stardust Specimen	Образец звёздной пыли
Starfall Slash	Разрез звездопада
Start Time	Запуск времени
Starving Stampede	Голодная давка
Stasis Formation	Построение стазиса
Static Filament	Статическая нить
Steadfast Will	Непоколебимая воля
Steam Burst	Взрыв пара
Steam Clean	Очистка паром
Steam Dome	Паровой купол
Steam Roller	Паровой каток
Steeled Strike	Закалённый удар
Steelfold Strike	Удар складной стали
Steelforged Belief	Выкованная в стали вера
Steelhog's Mettle	Стойкость стального вепря
Steelhog's Revenge	Месть стального вепря
Steelsbreath Bonds	Узы стального дыхания
Steelsbreath Release	Высвобождение стального дыхания
Steeltail Thrust	Выпад стального хвоста
Steep in Rage	Погружение в ярость
Stepped Leader	Ступенчатый лидер молнии
Sterile Sphere	Стерильная сфера
Sticky Mousse	Липкий мусс
Sticky Wicket	Сложное положение
Stifling Mogdark	Удушающая муглотьма
Still Embrace	Неподвижные объятия
Stinger Cell	Жалящая клетка
Stinging Malady	Жалящий недуг
Stirring Samba	Волнующая самба
Stock Break	Разрушение запаса
Stolen Shadow	Украденная тень
Stomp Dead	Затоптать насмерть
Stone Cudgel	Каменная дубина
Stone Skull	Каменный череп
Stone-faced Slaughter	Бесстрастная резня
Stonega III	Каменная волна 3
Stonega IV	Каменная волна 4
Stoneringer 2: Stoneringers	Камнеборец 2: камнеборцы
Stoneringer: The Bludgeoning	Камнеборец: избиение
Stoneringer: The Stabbing	Камнеборец: пронзание
Stony Gaze	Каменный взгляд
Stony Limbs	Каменные конечности
Stool Pelt	Обстрел стульями
Storage Violation	Нарушение хранилища
Storage Violation Obliteration	Уничтожение нарушением хранилища
Storm's Breath	Дыхание бури
Storm, Swell, Sword	Буря, волна, меч
Stormcloud Summons	Призыв грозового облака
Storming Roar	Бурный рёв
Stormkissed Flames	Пламя, поцелованное бурей
Stormwall Winds	Ветры стены бури
Stormy Edge	Бурное лезвие
Stormy Horizon	Бурный горизонт
Stormy Seas	Бурные моря
Stout Snort	Мощное фырканье
Straight Punch	Прямой удар
Straight Spindle	Прямое веретено
Straightforward Thunder II	Прямой гром 2
Strange Seeds	Странные семена
Stranger Tides	Незнакомые приливы
Strangling Coil	Удушающее кольцо
Strata Smasher	Разрушитель пластов
Strategic Strike	Стратегический удар
Stratospear Summons	Призыв небесного копья
Stray Gusts	Блуждающие порывы
Streak Lightning	Полосовая молния
Streaming Sands	Струящиеся пески
Strength in Numbers	Сила в количестве
Strewn Bubbles	Рассыпанные пузыри
Stricken Earth	Поражённая земля
Strident Scream	Резкий крик
Strident Shriek	Резкий вопль
Strike Spark	Высечь искру
Striking Left	Разящий левый удар
Striking Yol	Разящий йол
String Snap	Обрыв струны
String Up	Подвешивание
Strip Mine	Открытая разработка
Strong Wave	Сильная волна
Strong Wind	Сильный ветер
Strongpoint Defense	Оборона укрепления
Strophe Ixou	Поворот омелы
Stunning Sheen	Оглушительный блеск
Stunning Sweep	Оглушающий взмах
Stymphalian Strike	Стимфалийский удар
Subject Simulation F	Моделирование субъекта: женщина
Subject Simulation M	Моделирование субъекта: мужчина
Submission Tower	Башня подчинения
Subterranean Shudder	Подземная дрожь
Succulent Stomp	Сочный топот
Suddenly Sewage	Внезапные нечистоты
Sugar Blizzard	Сахарная метель
Suiton: San 	Суйтон: Сан
Sullen Gaze	Угрюмый взгляд
Sulphuric Stone	Серный камень
Sulphurous Breath	Сернистое дыхание
Summer Heat	Летний зной
Summer Shade	Летняя тень
Summer's Flame	Пламя лета
Summer's Heat	Жар лета
Summon Alexander	Призыв Александра
Summon Darkness	Призыв тьмы
Summon Familiar	Призыв фамильяра
Summon Icicle	Призыв сосульки
Summon Moonstone	Призыв лунного камня
Summon Obsidian	Призыв обсидиана
Summon Selene	Призыв Селены
Summon Shijin	Призыв сидзин
Summon Shiki	Призыв сики
Summon Wyrm	Призыв змия
Summoning Rite	Обряд призыва
Summoning Sands	Пески призыва
Summons to the Soon-to-Be Departed	Призыв к скоро усопшим
Sun Circlet	Солнечный обруч
Sunder Pressure	Раскалывающее давление
Sundered Remains	Разделённые останки
Sundered Sky	Расколотое небо
Sundering Tsunami	Раскалывающее цунами
Sunderseal Roar	Рёв разорванной печати
Sunken Treasure	Затонувшее сокровище
Sunrise Sabbath	Шабаш рассвета
Super Blassty Charge	Сверхвзрывной рывок
Super Hawk Blaster	Сверхбластер ястреба
Super Ultra Power Plasma Alpha	Сверхмощная ультраплазма альфа
Supercell Matrix	Матрица сверхъячейки
Superchain Radiation	Сверхцепное излучение
Superchain Theory IIA	Теория сверхцепи 2-А
Superchain Theory IIB	Теория сверхцепи 2-Б
Superior Mobility	Превосходная подвижность
Superior Stone II	Превосходный камень 2
Superliminal Motion	Сверхпороговое движение
Superliminal Steel	Сверхпороговая сталь
Supernatural Surprise	Сверхъестественный сюрприз
Support Systems	Системы поддержки
Support: Pod	Поддержка: под
Suppressive Fire	Подавляющий огонь
Suppressive Magitek Rays	Подавляющие магитехнические лучи
Supreme Majesty	Высшее величие
Surgeswords Unsheathed	Обнажённые мечи прилива
Surprise Attack	Внезапная атака
Surprise Balloon	Шар-сюрприз
Surprise Needle	Внезапная игла
Surrounding Burst	Окружающий взрыв
Suspended Stone	Подвешенный камень
Sustained Blast	Непрерывный взрыв
Susurrant Breath	Шелестящее дыхание
Swallowed Sea	Поглощённое море
Swarming Locust	Рой саранчи
Sweep the Leg	Подсечка
Sweeping Victory	Полная победа
Sweet Scent	Сладкий аромат
Swelling Frost	Нарастающий мороз
Swift Swim	Быстрое плавание
Swift as Shadow	Быстрый как тень
Swiftwind Serenade	Серенада быстрого ветра
Swimming in the Air	Плавание в воздухе
Swing Round	Круговой взмах
Swinging Draw	Размашистое извлечение клинка
Swinging Kick	Размашистый удар ногой
Swivel Cannon	Поворотная пушка
Swivel Gun	Вертлюжная пушка
Swooping Frenzy	Неистовое пикирование
Sword Danse Macabre	Пляска смерти мечей
Sword Quiver	Дрожь меча
Symmetric Surge	Симметричная волна
Symphony Fantastique	Фантастическая симфония
Synthetic Blades	Синтетические клинки
Synthetic Shield	Синтетический щит
Syrup Spout	Фонтан сиропа
System Evaluation	Оценка системы
Systematic Airstrike	Систематический воздушный удар
Systematic Targeting	Систематическое наведение
T.G. Holy Sword	Святой меч Бога грома
Tachi: Gekko	Тати: Гэкко
Tachi: Kasha	Тати: Кася
Tachi: Yukikaze	Тати: Юкикадзэ
Tactical Pack	Тактическая стая
Tag Team	Командная смена
Tail Nipper	Щипок хвостом
Tail to Claw	От хвоста к когтю
Tails and Heads	Хвосты и головы
Tailward Dustdevil	Пыльный вихрь к хвосту
Tailward Sandspout	Песчаный смерч к хвосту
Tainted Flood	Осквернённый потоп
Taloned Gaze	Когтистый взгляд
Taloned Wings	Когтистые крылья
Tandem Assault: Bloody Sweep	Парный штурм: кровавый взмах
Tandem Assault: Breakthrough	Парный штурм: прорыв
Tandem Assault: Passing Lance	Парный штурм: проходящее копьё
Tank Purge	Очистка резервуара
Tar Pit	Смоляная яма
Target Analysis	Анализ цели
Target Search	Поиск цели
Tartarean Abyss	Бездна Тартара
Tartarean Fore	Передний край Тартара
Tartarean Tomb	Гробница Тартара
Taste Dirt	Вкусить землю
Tatami Trap	Ловушка татами
Tatami Twist	Переворот татами
Tea Awhirl	Чайный вихрь
Team Spirit	Командный дух
Tears from Hell	Слёзы из преисподней
Teary Twirl	Слезливое вращение
Teasing Tangles	Дразнящие путы
Teasing Thunder	Дразнящий гром
Telltale Tears	Выдающие слёзы
Telluric Theorem	Земная теорема
Telsonic Tempest	Буря тельсона
Temper's Flare	Вспышка нрава
Temper, Temper	Уйми свой нрав
Tempered Virtue	Закалённая добродетель
Tempest Wing	Крыло бури
Temporary Current	Временный ток
Tempting Twist	Соблазнительный поворот
Tender Loin	Нежная вырезка
Tendon Ripper	Разрыватель сухожилий
Tenebrous Missile	Мрачная ракета
Tenka Gojin	Тэнка Годзин
Tenstrike Trio	Трио десяти ударов
Tentacle Dig	Рытьё щупальцем
Tentacle Simulation	Моделирование щупальца
Tentacle Whip	Удар щупальцем
Terminus Est	Конечный предел
Ternary Charge	Тройной заряд
Terra Firma	Твёрдая земля
Terrestrial Rage	Земная ярость
Terrestrial Titans	Земные титаны
Terrifying Glance	Ужасающий взгляд
Terror Unleashed	Высвобождённый ужас
Terrorizing Miasma	Устрашающие миазмы
Tertius Terminus Est	Третий конечный предел
Tetra Burst	Четверной взрыв
Tetrabrid Blaster	Четырёхгибридный бластер
Tetraktuos Kosmos	Четверичный космос
Tetrapagos Hailstorm	Четырёхледовая буря града
Tetrapagos Leftrime	Четырёхледовый иней слева
Tetrapagos Rightrime	Четырёхледовый иней справа
Tetrapagos Swirl	Четырёхледовое завихрение
Tetrapagos Thrust	Четырёхледовый выпад
Thal's Fury	Ярость Тала
Thal's Judgment	Суд Тала
The Builder's Art	Искусство Строителя
The Bull's Steel	Сталь Быка
The Calm	Затишье
The Classical Concepts	Классические концепции
The Destroyer's Might	Мощь Разрушителя
The End's Embrace	Объятия конца
The Fixer	Мастер исправлений
The Fourth Season	Четвёртый сезон
The Fury's Ambition	Стремление Неистовой
The Keeper's Gravity	Гравитация Хранителя
The Last Bout	Последняя схватка
The Lover's Devotion	Преданность Любящей
The Navigator's Command	Приказ Навигатора
The Scholar's Wisdom	Мудрость Учёного
The Short End	Короткий конец
The Spinner's Cunning	Хитрость Пряхи
The Sultan's Brand	Клеймо султана
The Traders' Equity	Справедливость Торговцев
The Unpotted	Извлечённый из горшка
The Wanderer's Whimsy	Каприз Странника
The Warden's Radiance	Сияние Стража
Theological Fatalism	Богословский фатализм
Theos's Saltire	Косой крест бога
Therapeutic Needles	Лечебные иглы
Therapeutic Shock	Лечебный разряд
Therion Charge	Рывок Териона
Thermionic Beam	Термоэлектронный луч
Thermionic Burst	Термоэлектронный взрыв
Thermite Bomb	Термитная бомба
Thick Fog	Густой туман
Thieves' Weave	Плетение воров
Third Leg Back	Третья нога назад
Third Leg Forward	Третья нога вперёд
Thirty Arrows	Тридцать стрел
Thirty Cries	Тридцать криков
Thirty Sickles	Тридцать серпов
Thirty Souls	Тридцать душ
Thirty Thorns	Тридцать шипов
Thorian Hammer	Молот Тора
Thorn Whip	Шипастый хлыст
Thorned Catharsis	Шипастый катарсис
Thorny Deathmatch	Колючая смертельная схватка
Thorough Cursing	Всестороннее проклятие
Thousand-year Storm	Тысячелетняя буря
Thousandfold Thrust	Тысячекратный выпад
Thrashing Star	Бьющаяся звезда
Threatened Flare	Угрожающая вспышка
Three Parts Disdain	Тройное презрение
Three-body Problem	Задача трёх тел
Three-body Probl─	Задача трёх те─
Thrice on Rokujo	Трижды на Рокудзё
Thrice-come Thunder	Трижды пришедший гром
Throat Stab	Удар в горло
Thrumming Thunder	Гудящий гром
Thrumming Thunder III	Гудящий гром 3
Thundaga Forte	Мощная Тандага
Thunder Onefold	Однократный гром
Thunder Threefold	Тройной гром
Thunder Twofold	Двойной гром
Thunder and Error	Гром и ошибка
Thunder's Serenade	Серенада грома
Thunderclap Concerto	Концерт громовых раскатов
Thunderfrost Tempest	Громоморозная буря
Thundering Pillar	Гремящий столп
Thundering Roar	Громоподобный рёв
Thunderlight Burst	Взрыв громового света
Thunderlight Flurry	Шквал громового света
Thunderous Jiggling	Громоподобное покачивание
Thundris Shriek	Вопль Тандрис
Tide Pod	Капсула прилива
Tide Shell	Панцирь прилива
Tiger Kick	Тигриный удар ногой
Tiger's Claw	Коготь тигра
Tiger's Eye	Глаз тигра
Tight Embrace	Крепкие объятия
Tight Tornado	Тесное торнадо
Tilted Balance	Наклонённое равновесие
Time Afar	Далёкое время
Time Bomb	Бомба замедленного действия
Time Dilation	Замедление времени
Time Eruption	Извержение времени
Time Immemorial	Незапамятные времена
Time to Burn	Время гореть
Timeless Sentence	Вневременной приговор
Timeless Spite	Вневременная злоба
Timely Teleport	Своевременная телепортация
Tipped Scales	Склонённые весы
Titan's Anger	Гнев Титана
Titan's Boon	Благословение Титана
Titanic Pursuit	Титаническое преследование
Tizona's Iron	Железо Тисоны
To Arms	К оружию
To Ashes	В пепел
To Dust	В прах
To a Crisp	До хрустящей корочки
To the Last	До последнего
To the Limit	До предела
To the Slaughter	На убой
To the Winds	По ветру
Toad Choir	Жабий хор
Toading Trap	Жабья ловушка
Together Forever	Вместе навсегда
Toiling Teapots	Трудящиеся чайники
Tomato Juice	Томатный сок
Tome Seal	Печать фолианта
Too Hot to Handle	Слишком горячо, чтобы удержать
Tooth and Talon	Зуб и коготь
Top-tier Slam	Высококлассный удар
Topaz Stones	Топазовые камни
Toppling Strike	Опрокидывающий удар
Torch Flame	Пламя факела
Torching Torment	Обжигающая мука
Toric Void	Кольцевая пустота
Torment unto Death	Мучение до смерти
Tormenting Twinkle	Мучительное мерцание
Tornadic Serenade	Серенада торнадо
Tornado Chain	Цепь торнадо
Tornado in Green	Зелёное торнадо
Torrential Torment	Ливень мучений
Torrential Tridents	Ливневые трезубцы
Torrid Glory	Знойная слава
Tortoise Stomp	Черепаший топот
Total Annihilation Maneuver	Манёвр полного уничтожения
Total Immolation	Полное сожжение
Total Wash	Полное омовение
Total Wreck	Полное крушение
Totem Chant	Тотемное песнопение
Touch Move	Тронул — ходи
Touchy Subject	Щекотливая тема
Tough Break	Тяжёлая неудача
Tower Round	Круг башни
Toxin Shower	Токсичный душ
Toy Hammer	Игрушечный молоток
Tracking Bolt	Следящая молния
Tracking Tremors	Следящие толчки
Tractor Beam	Притягивающий луч
Tractor Field	Притягивающее поле
Tragical Gaze	Трагический взгляд
Trajectory Projection	Проекция траектории
Tranquil Annihilation	Безмятежное уничтожение
Transcendent Union	Высшее единение
Transmute Bio III	Преобразование: биояд 3
Transmute Blizzard III	Преобразование: метель 3
Transmute Fire III	Преобразование: огонь 3
Transmute Thunder III	Преобразование: гром 3
Transonic Blast	Околозвуковой взрыв
Trap Jaws	Челюсти-ловушки
Trapped under Ice	В ловушке подо льдом
Trek Shot	Походный выстрел
Trembling Earth	Дрожащая земля
Trembling Epigraph	Дрожащий эпиграф
Trespasser's Pyre	Костёр нарушителя
Trial by Fire	Испытание огнём
Tribunal Summons	Вызов в трибунал
Tricera Snare	Трёхрогий силок
Trick Reload	Хитрая перезарядка
Trick and Treat	Шалость и угощение
Tricky Tonic	Коварный тоник
Tridirectional Flame	Трёхнаправленное пламя
Trigger Happy	Жажда стрельбы
Triggered Landmine	Сработавшая мина
Trimorphos Exoterikos	Трёхформенная внешняя магия
Triple Helix	Тройная спираль
Triple Kasumi-giri	Тройной разрез тумана
Triple Skull Dasher	Тройной раскалыватель черепа
Tripled Spell	Утроенное заклинание
Triplicate Reflex	Тройной рефлекс
Triumphant Rise	Триумфальный подъём
Triumphant Roar	Триумфальный рёв
Trophy Weapons	Трофейное оружие
Tropical Wind	Тропический ветер
Trouble Bubbles	Пузыри беды
Troublesome Tail	Назойливый хвост
Troubling Teacups	Тревожные чайные чашки
True Arise	Истинное возрождение
True Clemency	Истинное милосердие
True Grit	Истинная стойкость
True Raise	Истинное воскрешение
True Renew	Истинное обновление
Truedragon Dive	Пикирование истинного дракона
Trunk Smash	Удар хоботом
Trunk Tawse	Плеть хобота
Tunnel Shaker	Сотрясатель туннеля
Turali Tincture	Туральская настойка
Turbulent Aether	Бурлящий эфир
Turnspit to Dactail	Вращение на вертеле и удар хвостом
Turntail to Pteraspit	Разворот хвоста и крылатый плевок
Turret's Tour	Круг турели
Tusk Butt	Удар бивнем
Tusk Charge	Рывок бивнем
Twice on Rokujo	Дважды на Рокудзё
Twilight Phase	Сумеречная фаза
Twin Poles	Два полюса
Twin-winged Treachery	Двукрылое предательство
Twinfold Flame	Двойное пламя
Twinkle Toss	Мерцающий бросок
Twinkling Flourish	Мерцающий росчерк
Twinkling Ring	Мерцающее кольцо
Twinscorched Halo	Дважды опалённый нимб
Twinscorched Veil	Дважды опалённая завеса
Twinsong's Aporrhoia	Апорройя двойной песни
Twist Nature	Искажение природы
Twisted Talent	Искажённый талант
Twisting Dive	Вращающееся пикирование
Twisting Winds	Кружащиеся ветры
Two Minds	Два разума
Two Terrors	Два ужаса
Two-stone March	Марш двух камней
Two-way Fireball	Двунаправленный огненный шар
Twopenny Inflation	Двухгрошовое раздувание
Typhoon Wing	Крыло тайфуна
Tyrannic Blare	Тиранический рёв
Tyranny's Grasp	Хватка тирании
Ultima Upsurge	Всплеск Ультимы
Ultimate Crossover	Предельное пересечение
Ultimate Pseudoterror	Предельный ложный ужас
Ultimate Trophy Weapons	Предельное трофейное оружие
Ultrasonic Amp	Ультразвуковой усилитель
Ultrasonic Spread	Ультразвуковое распространение
Ultraviolent Ray	Сверхжестокий луч
Umbra Smash	Тёмный удар
Umbra Wave	Тёмная волна
Umbral Vise	Тёмные тиски
Unbearable Cloud	Невыносимое облако
Unbound Arrow	Освобождённая стрела
Unbound Ink	Освобождённые чернила
Unbound Spirit	Освобождённый дух
Unbowed Spirit	Несломленный дух
Unbreakable Cermet Blade	Нерушимый металлокерамический клинок
Unbreakable Cermet Drill	Нерушимый металлокерамический бур
Unbreakable Cermet Scythe	Нерушимая металлокерамическая коса
Unbridled Rage	Необузданная ярость
Unbridled Wrath	Необузданный гнев
Uncanny Whisper	Жуткий шёпот
Unceremonious Beheading	Бесцеремонное обезглавливание
Unceremonious Behelming	Бесцеремонное надевание шлема
Uncivil Tongue	Грубый язык
Unclouded Ascension	Безоблачное вознесение
Uncommon Ground	Необычная земля
Unconscious Immolation	Бессознательное сожжение
Unconventional Voltage	Необычное напряжение
Undead Deathmatch	Смертельная схватка нежити
Under the Weight	Под тяжестью
Undersea Quake	Подводное землетрясение
Underwater Cell	Подводная клетка
Undraw Spread	Отмена отложенной карты
Undying Affection	Неумирающая привязанность
Undying Fire	Неугасимый огонь
Undying Hatred	Неумирающая ненависть
Undying Virtue	Неумирающая добродетель
Unearned Advantage	Незаслуженное преимущество
Unearned Envy	Незаслуженная зависть
Unending Woe	Бесконечное горе
Uneven Footing	Неровная опора
Unfathomable Horror	Непостижимый ужас
Unfettered Ferocity	Необузданная свирепость
Unfinal Sting	Непоследнее жало
Unfinished Business	Незаконченное дело
Ungentle Breeze	Неласковый ветерок
Unite Mare	Объединение кошмара
Universal Assault	Всеобщий штурм
Universal Gravitation	Всемирное тяготение
Universal Manipulation	Всеобщая манипуляция
Unjoined Aspect	Разъединённый аспект
Unlimited Craving	Безграничная жажда
Unlimited Express	Безграничный экспресс
Unlimited Wave Cannon	Безграничная волновая пушка
Unlit Chain	Незажжённая цепь
Unlit Cyclone	Неосвещённый циклон
Unlucky Lot	Несчастливый жребий
Unmitigated Explosion	Несдерживаемый взрыв
Unmitigated Impact	Несмягчённый удар
Unmooring Melody	Отвязывающая мелодия
Unmoving Dvenadkatika	Неподвижная двенадцатка
Unmoving Troika	Неподвижная тройка
Unnatural Ailment	Неестественный недуг
Unnatural Enchainment	Неестественное заковывание
Unnatural Force	Неестественная сила
Unnatural Wail	Неестественный вой
Unparalleled Glory	Несравненная слава
Unpleasant Breeze	Неприятный ветерок
Unrelenting Charge	Неослабевающий рывок
Unrightful Claim	Неправомерное притязание
Unsagely Spin	Немудрое вращение
Unsealed Aura	Распечатанная аура
Unsealed Implements	Распечатанные орудия
Unseen Eye	Невидимый глаз
Unseen Shoulder	Невидимое плечо
Unshadowed Stake	Незатенённый кол
Unsightly Chaos	Неприглядный хаос
Untamed Current	Неукрощённый поток
Untempered Sword	Незакалённый меч
Unto Dust	Обращение в прах
Unwavering Apparition	Непоколебимый призрак
Unwavering Guard	Непоколебимая защита
Unwilling Cargo	Невольный груз
Unwitting Wings	Неосознанные крылья
Unwoven Will	Расплетённая воля
Unyielding Will	Несгибаемая воля
Update Program	Обновление программы
Upgraded Lance	Улучшенное копьё
Upgraded Shield	Улучшенный щит
Upheld Overruling	Подтверждённая отмена приговора
Upheld Ruling	Подтверждённый приговор
Uplander Doom	Гибель чужаков
Uplift Sequence	Последовательность подъёма
Upper Laser	Верхний лазер
Upside Down	Вверх дном
Uranos Cascade	Каскад Урана
Uriel Blade	Клинок Уриила
Utopian Sky	Утопическое небо
Utter Destruction	Полное разрушение
Utter Immolation	Полное сожжение
Valorous Ascension	Доблестное вознесение
Vamp Stomp	Вампирский топот
Vanishing Daggers	Исчезающие кинжалы
Vanishing Horizon	Исчезающий горизонт
Vanishing Ray	Исчезающий луч
Vanu Snap	Щелчок вану
Vanu Stripe	Полоса вану
Variable Combat Test	Испытание переменного боя
Vatnsfloð	Водный поток
Veil Asunder	Разрыв завесы
Veil Sever	Рассечение завесы
Veiled Arrow	Сокрытая стрела
Vein Splitter	Рассекатель жил
Vena Amoris	Вена любви
Venerable Gloaming	Достопочтенные сумерки
Vengeful Belone	Мстительные иглы
Veni Vidi Vici	Пришёл, увидел, победил
Venom Drops	Капли яда
Ventus Est	Это ветер
Verge Line	Пограничная линия
Verge Pulse	Пограничный импульс
Vermilion Aura	Киноварная аура
Vermilion Flight	Киноварный полёт
Vice and Virtue	Порок и добродетель
Vicious Charge	Злобный рывок
Vicious Swipe	Злобный взмах
Victory Slash	Победный разрез
Vile Utterance	Мерзкое изречение
Vile Wave	Мерзкая волна
Villainous Rebuke	Злодейский укор
Vine Hammer	Молот лозы
Vine Probe	Зонд лозы
Vine Whip	Хлыст лозы
Viper Poison	Яд гадюки
Viral Weapon	Вирусное оружие
Virgin Tears	Девичьи слёзы
Virtual Shift	Виртуальный сдвиг
Virtuosic Capriccio	Виртуозное каприччио
Viscid Emission	Вязкое излучение
Viscous Discharge	Вязкий выброс
Vitriolic Barrage	Купоросный обстрел
Vivere Militare Est	Жить — значит сражаться
Vivid Eyes	Яркие глаза
Vivifying Gleam	Живительный отблеск
Void Lamp	Лампа Пустоты
Void Pact	Пакт Пустоты
Void Paralyze	Паралич Пустоты
Void Paralyze III	Паралич Пустоты 3
Void Rot	Гниль Пустоты
Void Systems Overload	Перегрузка систем Пустоты
Voidal Turbulence	Бурление Пустоты
Voidal Vortex	Вихрь Пустоты
Voidgate Amplifier	Усилитель врат Пустоты
Volcanic Torches	Вулканические факелы
Volley Fire	Залповый огонь
Volt Strike	Электрический удар
Voltaic Slash	Электрический разрез
Voracious Swing	Прожорливый взмах
Vulcan Burst	Взрыв Вулкана
Wailing Wave	Воющая волна
Waiting Wounds	Ожидающие раны
Waken Nightmare	Пробуждение кошмара
Waking the Dead	Пробуждение мёртвых
Walk the Plank	Прогулка по доске
Wanderer's Pyre	Костёр странника
Waning Cycle	Убывающий цикл
Waning Grudge	Убывающая злоба
War Cry	Боевой клич
War Dance	Боевой танец
War and Pease	Война и горох
War's Harvest	Жатва войны
Warden's Prominence	Протуберанец Стража
Warden's Warmth	Тепло Стража
Warder's Wrath	Гнев стражника
Warlock's Tide	Прилив колдуна
Warlord Flame	Пламя военачальника
Warlord Shell	Панцирь военачальника
Warm and Fuzzy	Тёплый и пушистый
Warning Gale	Предупреждающий шквал
Warning Spike	Предупреждающий шип
Warped Light	Искажённый свет
Warped Wail	Искажённый вой
Wash Away	Смыть прочь
Wash Out	Вымывание
Waste Away	Истощение
Water and Wine	Вода и вино
Waterga III	Водяная волна 3
Waterga IV	Водяная волна 4
Watering Wheel	Поливочное колесо
Watery Grasp	Водяная хватка
Wave Cannon Kyrios	Волновая пушка Кириос
Wave Repeater	Волновой ретранслятор
Wave Whistle	Свист волны
Wave: Black	Волна: чёрный
Wave: White	Волна: белый
Wayward Soul	Заблудшая душа
Weak Wave	Слабая волна
Weapon Enhancement	Улучшение оружия
Weather Channel	Канал погоды
Weave Miasma	Плетение миазмов
Weeping Arrow	Плачущая стрела
Weighted Blade	Утяжелённый клинок
Weighted Wing	Утяжелённое крыло
Weighty Blow	Увесистый удар
Weighty Impact	Тяжёлое столкновение
Welding Attachment	Сварочная насадка
Well Mekhane	Колодезный механизм
Well Paid	Щедро оплачено
Well Pinax	Колодезная плита
West Wind	Западный ветер
Westerly Shift	Сдвиг на запад
Westward March	Марш на запад
Wet Fin	Мокрый плавник
Whale Song	Песнь кита
What Is Left	Что слева
What Is Right	Что справа
What're You Buying?	Что покупаешь?
Wheeling Shot	Круговой выстрел
Whei Morn	Вэй Морн
Whelming Loss	Всепоглощающая утрата
Whimsy a la Mode	Модный каприз
Whip Back	Обратный хлёсткий удар
Whip Kick	Хлёсткий удар ногой
Whiplick Stance	Стойка хлёсткого лизания
Whipping Whittret	Хлещущая ласка
Whipping Winds	Хлещущие ветры
Whirlwind Slash	Вихревой разрез
Whisker Wind	Ветер усов
Whisper in the Wind	Шёпот на ветру
Whispering Wind	Шепчущий ветер
White Herald	Белый вестник
White-hot Rage	Раскалённая добела ярость
Whole Self	Целостное я
Whoopee Cushion	Подушка-пердушка
Wicked Hypercannon	Злая гиперпушка
Wicked Thoughts	Злые мысли
Wide Blaster	Широкий бластер
Wide-angle Phaser Unlimited	Безграничный широкоугольный фазер
Widening Witch Hunt	Расширяющаяся охота на ведьм
Wilder Fire	Неистовый огонь
Wildfire Crucible	Горнило лесного пожара
Wildfire's Fury	Ярость лесного пожара
Wildlife Crossing	Переход диких зверей
Will Breaker	Ломатель воли
Will-o'-the-Water	Блуждающий водяной огонёк
Wily Wall	Хитрая стена
Wind Unbound	Освобождённый ветер
Wind's End	Конец ветра
Windblossom Whirl	Вихрь ветряного цветка
Windborne Seeds	Семена на ветру
Windfeather Whisper	Шёпот ветряного пера
Winding Current	Извилистое течение
Winding Gale	Извилистый шквал
Winding Wildwinds	Извилистые дикие ветры
Winds' Peak	Вершина ветров
Windslicer Shot	Выстрел рассекателя ветра
Wing and a Prayer	На честном слове и одном крыле
Winged Cataract	Крылатый водопад
Winged Scourge	Крылатый бич
Winged Terror	Крылатый ужас
Wings Dark and Light	Крылья тёмные и светлые
Wingsbreadth Winds	Ветры размаха крыльев
Winter Halo	Зимний нимб
Winter Rain	Зимний дождь
Winter Solstice	Зимнее солнцестояние
Wipe: Black	Стирание: чёрный
Wipe: White	Стирание: белый
Wishing Star	Звезда желаний
Witch Hunt	Охота на ведьм
Withering Curse	Иссушающее проклятие
Withering Eternity	Увядающая вечность
Woeful Fulgurance	Горестное сверкание
Woken Wind	Пробуждённый ветер
Wolf's Crossing	Волчий переход
Wolves' Reign	Правление волков
Wood's Embrace	Объятия леса
Wooden Horse	Деревянный конь
Wooly Inspiration	Шерстяное вдохновение
World Shatter	Раскол мира
World's End	Конец мира
Worldly Pursuit	Мирское стремление
Worm Hole	Червоточина
Wormhole Formation	Формирование червоточины
Worrisome Wave	Тревожная волна
Worse Breath	Ещё худшее дыхание
Wrath Unfurled	Развёрнутый гнев
Wrathful Rattle	Гневный треск
Wrathful Wire	Гневная проволока
Wriggling Phlegm	Извивающаяся мокрота
Writhing Riot	Корчащееся буйство
Wroth Flames	Гневное пламя
Wrought Arms	Выкованное оружие
Wrought Fire	Созданный огонь
Wyrm Tail	Хвост змия
Wyrm's Lament	Плач змия
Wyrm's Tongue	Язык змия
Wyvern's Ouroblade	Уроклинок виверны
Xtreme Spectacular	Экстремальное представление
Xtreme Wave	Экстремальная волна
Yama Arashi	Горная буря
Yawning Hells	Разверстые преисподние
Yol Talon	Коготь йола
Yolk Shower	Желтковый душ
You May Approach	Можете приблизиться
Young Star	Молодая звезда
Zanma Zanmai	Дзамма Дзэммай
Zealot's Claw	Коготь фанатика
Zealous Glower	Ревностный грозный взгляд
Zeni Masshigura	Стремительный натиск монет
Zephyr Arrow	Стрела зефира
Zephyr Mantle	Мантия зефира
Zero-form Particle Beam	Бесформенный луч частиц
Zillion Needles	Несметное множество игл
Zoom In	Приближение
10-trolley Tap	Удар десяти вагонеток
10-trolley Torque	Вращение десяти вагонеток
10-trolley Wallop	Оплеуха десяти вагонеток
100-megatonze Shock	Удар в сто мегатонн
1000 Barbs	Тысяча шипов
1000 Spines	Тысяча колючек
2-snap Twist	Поворот с двумя щелчками
2-snap Twist & Drop the Needle	Поворот с двумя щелчками и опускание иглы
24-carat Inhale	Вдох в двадцать четыре карата
24-carat Swing	Взмах в двадцать четыре карата
3-snap Twist & Drop the Needle	Поворот с тремя щелчками и опускание иглы
360-degree Bombing Maneuver	Бомбардировочный манёвр на 360 градусов
4-snap Twist	Поворот с четырьмя щелчками
4-snap Twist & Drop the Needle	Поворот с четырьмя щелчками и опускание иглы
74 Degrees	Семьдесят четыре градуса
??? Needles	Неизвестное количество игл
Wyvern's Vengeance	Месть виверны
blazing scourge	Пылающий бич
critical hit	Критическое попадание
double attack	Двойная атака
explosion	Взрыв
falling rubble	Падающие обломки
potent blinding potion	Сильнодействующее ослепляющее зелье
shadow hit by Blighting Blitz	Тень поражена губительным блицем
shadow hit by Blighting Burst	Тень поражена губительным взрывом
shadow hit by Deepshadow Nova	Тень поражена вспышкой глубокой тени
shadow hit by Distant Scream	Тень поражена далёким криком
shadow hit by Flameshadow	Тень поражена огненной тенью
shadow hit by Giga Slash	Тень поражена гигантским разрезом
shadow hit by Implosion	Тень поражена взрывом внутрь
shadow hit by Shadefire	Тень поражена теневым огнём
shadow hit by Shadowy Eruption	Тень поражена теневым извержением
shadow hit by Void Pulse	Тень поражена импульсом Пустоты
the Altered Gate	Изменённые врата
the Beast's Chains	Цепи зверя
the Builder's Forge	Кузница Строителя
the Bull's Cry	Крик Быка
the Bull's Voice	Голос Быка
the Dark Beckons	Тьма манит
the Dark Binds	Тьма сковывает
the Dark Devours	Тьма пожирает
the Dark Divides	Тьма разделяет
the Dark Doubles	Тьма удваивается
the Decisive Battle	Решающая битва
the Deep Beckons	Глубина манит
the Deep Reaches	Глубина дотягивается
the Deep Rends	Глубина разрывает
the Deep Seeks	Глубина ищет
the Demon's Claw	Коготь демона
the Dusk Star	Сумеречная звезда
the Edge Unbound	Освобождённое лезвие
the Educator	Просветитель
the Educator boot sequence	Последовательность запуска Просветителя
the Four Winds	Четыре ветра
the Giving Sea	Дарующее море
the Killing Paw	Убийственная лапа
the King's Notice	Внимание короля
the Lion's Breath	Дыхание льва
the Means	Средства
the North Star	Северная звезда
the One Champion	Единственный чемпион
the One Ruler	Единственный владыка
the One True Huntsman	Единственный истинный охотник
the Parting Clouds	Расступающиеся облака
the Patient Blade	Терпеливый клинок
the Playing Field	Игровое поле
the Ram's Breath	Дыхание барана
the Ram's Embrace	Объятия барана
the Ram's Keeper	Хранитель барана
the Ram's Roar	Рёв барана
the Ruling Steppe	Владычествующая степь
the Sable Price	Чёрная цена
the Scorpion's Sting	Жало скорпиона
the Sealed Gate	Запечатанные врата
the Seeing Left	Всевидящий левый удар
the Seeing Right	Всевидящий правый удар
the Seeing Tail	Всевидящий хвост
the Seeing Wing	Всевидящее крыло
the Seeing Wings	Всевидящие крылья
the Serpent's Apple	Яблоко змия
the South Star	Южная звезда
the Stone Speaks	Камень говорит
the Storm Unbound	Освобождённая буря
the Storm Within	Буря внутри
the Storm Without	Буря снаружи
the Storm's Grip	Хватка бури
the Swell Unbound	Освобождённая волна
the Sword Unbound	Освобождённый меч
the Thrill	Острые ощущения
the Tickler	Щекотатель
the Traders' Spurn	Отказ Торговцев
the Warden's Verdict	Приговор Стража
the Widow's Embrace	Объятия вдовы
the Widow's Kiss	Поцелуй вдовы
the Wood Remembers	Лес помнит
●GT	Наземная цель
●GTAE	Область вокруг наземной цели
(仮)ダラガブ球：AA：バハムートダンジョン3/ボス2用	Временное: автоатака сферы Даламуда; подземелье Бахамута 3, босс 2
(仮)ダラガブ球：AA：バハムートダンジョン3：2層Trash	Временное: автоатака сферы Даламуда; подземелье Бахамута 3, рядовой враг второго яруса
(仮)ティアマット：メカハイドラ：3連メテオ発射/A：バハムートダンジョン3	Временное: Тиамат, механическая гидра, тройной метеор А; подземелье Бахамута 3
(仮)ティアマット：メカハイドラ：3連メテオ発射/B：バハムートダンジョン3	Временное: Тиамат, механическая гидра, тройной метеор Б; подземелье Бахамута 3
(仮)ティアマット：メカハイドラ：オートアタック：バハムートダンジョン3	Временное: автоатака Тиамат, механической гидры; подземелье Бахамута 3
(仮)バハムート・ネール：ピエロ：オートアタック：古城アムダハード	Временное: автоатака Бахамута-Наэль, шута; древний замок Амдапор, сложно
(仮)バハムート：霊体：オートアタック：バハムートダンジョン3	Временное: автоатака духа Бахамута; подземелье Бахамута 3
(仮)バハムート：霊体：上空から地上に着地する：バハムートダンジョン3	Временное: дух Бахамута приземляется; подземелье Бахамута 3
(仮)バハムート：霊体：上空へ飛び立つ：バハムートダンジョン3	Временное: дух Бахамута взлетает; подземелье Бахамута 3
(仮)フェニックス：原種：着地：バハムートダンジョン3	Временное: приземление исходного феникса; подземелье Бахамута 3
(仮)フェニックス：原種：飛び上がる：バハムートダンジョン3	Временное: взлёт исходного феникса; подземелье Бахамута 3
(仮)ワイバーン：ズー：火の鳥：ポップ時アクション：バハムートダンジョン3	Временное: появление виверны, зу, огненной птицы; подземелье Бахамута 3
(仮)人型：真デュラハン：オートアタック：古城アムダハード	Временное: автоатака гуманоида, истинного дуллахана; древний замок Амдапор, сложно
(仮)帝国バリア装置：シールド展開	Временное: имперское барьерное устройство, развёртывание щита
3ポイント＆ポーズ	Три указания и поза
FF11クラブ：マウント・ゴブリンカニ戦車：自爆	Краб из Последней фантазии 11: самоподрыв ездового гоблинского краба-танка
FF11クラブ：泡ブレス	Краб из Последней фантазии 11: пузырчатое дыхание
FF12マティウス：原種:ブリザジャ氷召喚：演出アクション：RTI1：ボス1	Матеус из Последней фантазии 12: исходный вид, призыв льда Близзаджей; постановочное действие, Ивалис 1, босс 1
FF12マティウス：原種:氷の巫女水ギミック開始演出アクション：RTI1：ボス1	Матеус из Последней фантазии 12: исходный вид, начало водной механики ледяной жрицы; постановочное действие, Ивалис 1, босс 1
FF12ミリアムガード：マップOBJ召喚4つ同時	Страж Мириама из Последней фантазии 12: одновременный призыв четырёх объектов карты
FF12ミリアムガード：マップOBJ召喚武器投げ	Страж Мириама из Последней фантазии 12: призыв объекта карты броском оружия
PCコンテンツアクション：エーテル飛散：履行演出：ラクシュミ戦	Особое действие игрока: рассеивание эфира; постановка приёма в бою с Лакшми
○削除予定	Запланировано удаление
●100トンズ・スイング	Стотонный взмах
●100トンズ・スワイプ	Стотонный удар
●5.0ガ：追撃アビリティ1	Версия 5.0, га: дополнительная атака 1
●5.0ガ：追撃アビリティ2	Версия 5.0, га: дополнительная атака 2
●5.0ガ：追撃アビリティ3	Версия 5.0, га: дополнительная атака 3
●アイ・オブ・ビボルダー	Глаз смотрящего
●アローレイン：着弾：ドーナツ	Дождь стрел: попадание кольцом
●アーゼマの均衡	Равновесие Азеймы
●アームズチェンジ	Смена оружия
●イミテーション・レイ	Подражающий луч
●インぺリウム・フレイマ	Пламя империи
●インタージェクト	Вмешательство
●ウォタラ	Вода 2
●エアロエクスプロージョン	Взрыв ветра
●エデンプライム：原種：ウィークネスアタック：通常状態：発動演技：ヒーラー：ノーマル	Первозданный Эдем: атака слабости, обычное состояние, анимация срабатывания для целителя, обычная сложность
●エピグラフ・クエイク	Эпиграфическое землетрясение
●エピグラフ・ファイア	Эпиграфический огонь
●エピグラフ・マジック	Эпиграфическая магия
●クアドラ・シャドウ	Четверная тень
●グラビデバースト	Гравитационный взрыв
●ジャンピングフロントブレス	Переднее дыхание в прыжке
●スタン攻撃	Оглушающая атака
●ストンガ	Камень 3
●セーフネスト	Безопасное гнездо
●タイニーフレア	Крошечная вспышка
●タイニーホーリー	Крошечная святость
●タッチダウン	Приземление
●ダブル・シャドウ	Двойная тень
●ダークエアリビズメ	Тёмный карьеризм
●チェインブレインジャック	Цепной захват разума
●デッドリーホーン	Смертельный рог
●トランソニックブラスト	Околозвуковой взрыв
●ナパーム	Напалм
●ノックバック	Отбрасывание
●バニシュデス	Изгнание смерти
●ビガイリングミスト	Чарующий туман
●ビクトリースラッシュ	Победный разрез
●ピアシング・グラワー	Пронзающий грозный взгляд
●フライングオンドリ	Летящий петух
●フレッシュ	Стрела
●フロントブレス	Переднее дыхание
●プリフィケーション	Очищение
●ベネフィク	Благодеяние
●マレフィガ	Пагуба 3
●ミステリーレーザー＆サークル	Таинственный лазер и круг
●ミステリーレーザー＆リング	Таинственный лазер и кольцо
●ランパート	Бастион
●ヴォイド・サンダガ	Гром Пустоты 3
●ヴォイド・サンダジャ	Гром Пустоты 4
●世界樹の幹	Ствол мирового древа
●入場アクション	Действие появления
●六道輪廻	Колесо шести миров
●分身出現	Появление двойника
●前方広範囲扇	Широкий сектор спереди
●単体DD	Прямой урон одной цели
●参の大蛇【疾速】	Третий великий змей: стремительность
●地獄のエレジー	Адская элегия
●地雷爆発	Взрыв мины
●地震	Землетрясение
●存在抹消プログラム・マグネットα：オメガ3/ボス3：ハード	Программа стирания существования, магнит альфа; Омега 3, босс 3, сложно
●孤独感	Одиночество
●弐の大蛇【猛襲】	Второй великий змей: яростный натиск
●引き寄せ	Притягивание
●急成長	Быстрый рост
●怨嗟爆発	Взрыв ненависти
●指示	Указание
●攻撃	Атака
●攻撃性植物の花粉	Пыльца агрессивного растения
●放電	Электрический разряд
●新・星天対抗	Новое небесное противостояние
●未使用	Не используется
●未使用アクション	Неиспользуемое действие
●未使用・削除予定	Не используется, запланировано удаление
●氷柱召喚	Призыв сосульки
●沈黙	Безмолвие
●火球召喚	Призыв огненного шара
●爆発	Взрыв
●着弾	Попадание снаряда
●石化泥	Окаменяющая грязь
●石鳥GT(GTAE)	Каменная птица: наземная цель и область вокруг неё
●砕氷	Разбивание льда
●突撃	Штурм
●突進	Рывок
●突進＆ブレス	Рывок и дыхание
●精霊の加護	Покровительство духов
●罠設置	Установка ловушки
●英雄の影が受けた攻撃：インプロ―ジョン	Атака по тени героя: взрыв внутрь
●衝撃波	Ударная волна
●退場アクション	Действие ухода
●透明解除	Снятие невидимости
●透明：アーサー：ジークフリード：次元斬：大：AOZコンテンツ30	Невидимый объект: Артур, Зигфрид, большой пространственный разрез; бой синего мага 30
●透明：エデンプライム：原種：ウィークネスアタック：DPS：グラヴィティシード：エデン1：ボス1：ハード	Невидимый объект: Первозданный Эдем, атака слабости для атакующего, гравитационное семя; Эдем 1, босс 1, сложно
●透明：エデンプライム：原種：ウィークネスアタック：通常状態：DPS：グラビデシード：ノーマル	Невидимый объект: Первозданный Эдем, атака слабости в обычном состоянии для атакующего, гравитационное семя, обычная сложность
●透明：エデンプライム：原種：ウィークネスアタック：通常状態：DPS：グラビデシード：ハード	Невидимый объект: Первозданный Эдем, атака слабости в обычном состоянии для атакующего, гравитационное семя, сложно
●透明：エデンプライム：原種：ウィークネスアタック：通常状態：ヒーラー：フレア：ノーマル	Невидимый объект: Первозданный Эдем, атака слабости в обычном состоянии для целителя, вспышка, обычная сложность
●透明：リングアウト：オシオキアクション：オメガ2/ボス3：ノーマル	Невидимый объект: наказание за выход с арены; Омега 2, босс 3, обычная сложность
●透明：リングアウト：オシオキアクション：オメガ2/ボス3：ハード	Невидимый объект: наказание за выход с арены; Омега 2, босс 3, сложно
●連続エネルギー弾	Последовательные энергетические снаряды
●隆起	Поднятие земли
●離れるPBAE	Область вокруг отдаляющегося заклинателя
●雷雲PBAE	Область вокруг грозового облака
●雷雲生成	Создание грозового облака
●高精度散火法	Высокоточная тактика рассеянного огня
うろこトカゲ：雷属性ON	Чешуйчатая ящерица: включение стихии молнии
しじをさせろ	Выполнить команду
どっすんババロア	Баварский плюх
どろんこ遊び	Игры в грязи
なぐさめる	Утешение
ほんきだせ	В полную силу
よびだす	Призыв
アイシクルスパイク	Ледяной шип
アクアボール：肥大1：竜宮城：ボス1	Водяной шар: увеличение 1; подводный дворец, босс 1
アクアボール：肥大2：竜宮城：ボス1	Водяной шар: увеличение 2; подводный дворец, босс 1
アシエン・ナブリアレス：ダテレポ：ナブリアレス戦	Аскиан Набриалес: телепортация; бой с Набриалесом
アシエン：チャダルヌーク・悪霊：分身：本体演技アクション：オメガ2：2層：チャダルヌーク：共通	Аскиан: злой дух Чадарнук, двойник, анимация основного тела; Омега 2, ярус 2, общий вариант
アスピレート	Вдыхание
アダマン：亀ドラゴン：回転ジェット準備：ストーンヴィジルハード	Адамантовая драконья черепаха: подготовка вращающейся струи; Каменный дозор, сложно
アダマン：亀ドラゴン：回転ジェット終了：ストーンヴィジルハード	Адамантовая драконья черепаха: завершение вращающейся струи; Каменный дозор, сложно
アモーフィックフレイル	Аморфный цеп
アルテマウェポン：アルテマ弾/生成	Оружие Ультима: создание снаряда Ультимы
アンガジェマン	Вступление в бой
アンシーズ・ストライクソード	Обнажение ударного меча
アンシーズ・マルチソード	Обнажение множества мечей
アークデーモン：AA	Архидемон: автоатака
アースクラック	Раскол земли
アースシェイカー	Сотрясатель земли
アーボリアルストーム	Древесная буря
アーリマン：仲間を呼ぶ	Ариман: призыв союзников
イナンデイト	Затопление
イフリート：ジャンプ	Ифрит: прыжок
イフリート：怒りオン	Ифрит: включение ярости
イフリート：炎獄の楔召喚	Ифрит: призыв адского гвоздя
イフリート：着地	Ифрит: приземление
イフリート：角復活	Ифрит: восстановление рога
インの微笑	Улыбка Инь
インクこぼし	Разлив чернил
インナー・ターモイル	Внутреннее смятение
インプロージョン	Взрыв внутрь
ウィンドアンバウンド	Освобождённый ветер
ウィンドスパイラル	Ветряная спираль
ウォーターウォール	Водяная стена
エアロガ	Ветер 3
エアロラ	Ветер 2
エクスタシス	Экстаз
エグゾースト	Выхлоп
エネミーサーチ16	Поиск врага 16
エネミーサーチ4	Поиск врага 4
エネミーサーチ8	Поиск врага 8
エピグラフ・ファイガ	Эпиграфический огонь 3
エピノゴイ	Эпиногои
エレクトリックバースト	Электрический взрыв
エレクトリックホイスカー	Электрический ус
エンド・オブ・ハート	Конец сердца
エーテリアルステップ	Эфирный шаг
エーテルサージ	Эфирный всплеск
オペレート：強化プログラム	Операция: программа усиления
オートアタック	Автоатака
オード・トゥ・ファー	Ода дальним ветрам
カノピー	Полог
カラップス	Обрушение
カラードラゴン：飛び立ち消滅	Цветной дракон: взлёт и исчезновение
ガーディアン：ブレス：詠唱無し	Страж: дыхание без подготовки
キッスブロー	Воздушный поцелуй
キャッツレイド	Кошачий налёт
キングダム・サンダガ	Гром королевства 3
キングダム・サンダラ	Гром королевства 2
キングダム・ストンガ	Камень королевства 3
キングダム・バニシュガ	Изгнание королевства 3
キングダム・バニシュラ	Изгнание королевства 2
ギガストーム	Гигабуря
ギャザラーズメナス	Угроза собирателя
クインティプルスニーズ	Пятикратное чихание
クエイクブラスト	Взрыв землетрясения
クライムハザードⅡ	Опасный подъём 2
クランチ	Хруст
クリンギングウェブ	Цепкая паутина
クローク・オブ・シャドウ	Покров тени
クロースラッシュ	Разрез когтем
グランドソード	Великий меч
ゲーツ・オブ・ハーデス	Врата Аида
コボルド：大型爆弾	Кобольд: большая бомба
コボルド：範囲被ダメージカット	Кобольд: снижение получаемого урона по области
コボルド：範囲被ダメージカット強	Кобольд: сильное снижение получаемого урона по области
コンフラグレーション	Пожар
コールドブレス	Холодное дыхание
ゴールデンタン	Золотой язык
サイズテール	Хвост-коса
サイドパワーニードル	Боковая силовая игла
サイレントスアス	Безмолвная полоса
サンダガ	Гром 3
サンダークラップ	Громовой раскат
サンダーブレス	Громовое дыхание
サークルブレード	Круговой клинок
サークル・オブ・フューリー	Круг ярости
サーチアンドデストロイ	Найти и уничтожить
シャドウクリーヴ	Теневой рассекающий удар
シャドウスワンプ	Теневое болото
シュポシェ池：予兆解除	Пруд Шупоше: снятие предупреждения
シュポシェ池：出現	Пруд Шупоше: появление
シュポシェ池：出現予兆	Пруд Шупоше: предупреждение о появлении
シールドバッシュ	Удар щитом
シールドロブ	Бросок щита
ジャーニー・オブ・ライフ	Путешествие жизни
ジョーズ	Челюсти
スクリュードライバー	Отвёртка
ストンジャ	Камень 4
ストールンシャドウ	Украденная тень
ストーン	Камень
スマッシャースイング	Сокрушительный взмах
スーパーハンマーショック	Сверхудар молота
ソウルギャザー	Сбор душ
ソウルレスストリーム	Бездушный поток
タイタン・エギ：AA：タイタン：リバイバル	Эги Титана: автоатака; возрождённый Титан
タイタン・エギ：タイタンハード/ＡＡ	Эги Титана: автоатака; Титан, сложно
タイタン：心臓露出	Титан: обнажение сердца
タイタン：着地する	Титан: приземление
タイタン：飛ぶ	Титан: полёт
タルタロスインパクト	Удар Тартара
ダブルスペル	Двойное заклинание
ダークエラプション	Тёмное извержение
ダークオーブ	Тёмная сфера
ダークノヴァ	Тёмная вспышка
チャージ	Рывок
チョコサーキット	Контур чокобо
ツインヘッド・テラー	Двуглавый ужас
ティタノスイング	Титанический взмах
テュポーン：GT：ゴールドソーサー	Тифон: наземная цель; Золотое блюдце
テュポーン：ステージ外周：ゴールドソーサー	Тифон: край сцены; Золотое блюдце
テュポーン：扇：ゴールドソーサー	Тифон: сектор; Золотое блюдце
テュポーン：直線：ゴールドソーサー	Тифон: прямая линия; Золотое блюдце
テュポーン：自分中心円：ゴールドソーサー	Тифон: круг вокруг себя; Золотое блюдце
テールスマッシュ	Удар хвостом
ディセバーメント	Расчленение
ディヴォーション・ソットヴォーチェ	Преданность вполголоса
デスクロー：デスクロー解除	Коготь смерти: снятие когтя смерти
デスサイズ	Коса смерти
デッドリー・テンタクル	Смертельное щупальце
デミグラビデ	Полугравитация
トルネド	Торнадо
ドラゴン毒沼：消滅	Ядовитое болото дракона: исчезновение
ドラゴン毒沼：発生ループ	Ядовитое болото дракона: цикл появления
ドレインストライク	Поглощающий удар
ナックル・オブ・デス	Кулак смерти
ナパームサークル	Напалмовый круг
ナーヴトキシン	Нейротоксин
ネイコス	Нейкос
ネガティブオーラ	Отрицательная аура
ネザーレイジ	Потусторонняя ярость
ノックス	Ночь
ハイドロキャノン	Водяная пушка
ハイドロスプラッシュ	Водяной всплеск
ハイドロフォール	Водопад
ハイドロブラスト	Водяной взрыв
ハイドロボム	Водяная бомба
ハニー・B・フィナーレ	Финал Медовой Би
ハンマーショック	Удар молота
ハートショック	Сердечный разряд
ハートブレイク	Разбитое сердце
バックハンドブロー	Удар тыльной стороной руки
バックワード・インプロージョン	Взрыв внутрь сзади
バニシュIV	Изгнание 4
バリア	Барьер
バレリングスマッシュ	Стремительный сокрушительный удар
パンツァーファウスト	Панцерфауст
ヒュドラブレス	Дыхание гидры
ヒュドラ：右側首A復活	Гидра: восстановление правой шеи А
ヒュドラ：右側首A破壊	Гидра: разрушение правой шеи А
ヒュドラ：右側首B復活	Гидра: восстановление правой шеи Б
ヒュドラ：右側首B破壊	Гидра: разрушение правой шеи Б
ヒュドラ：左側首A復活	Гидра: восстановление левой шеи А
ヒュドラ：左側首A破壊	Гидра: разрушение левой шеи А
ヒュドラ：左側首B復活	Гидра: восстановление левой шеи Б
ヒュドラ：左側首B破壊	Гидра: разрушение левой шеи Б
ヒュドラ：首再生	Гидра: восстановление шеи
ビエルゴズ・ストライク	Удар Бирегота
ファイジャ	Огонь 4
ファイナルヘヴン	Последние небеса
フェザーブリーズ	Перьевой ветерок
フェラルチャージ	Звериный рывок
フェーゾンビーム	Фазонный луч
フォルテサンダガ	Мощная Тандага
フォワード・インプロージョン	Взрыв внутрь спереди
フォールフラッド	Падающий потоп
フラッドライト	Заливающий свет
フレイムフローター	Огненный поплавок
フレイムブレス	Пламенное дыхание
ブライティングブリッツ	Губительный блиц
ブラッディカレス	Кровавая ласка
ブラッディースクラッチ	Кровавая царапина
ブリザジャ	Метель 4
ブリザド	Метель
ブルータルシェル	Жестокий снаряд
プリンセスの呪歌	Проклятая песнь принцессы
ヘカトンケイルメイジ：壁殴り	Маг-гекатонхейр: удар по стене
ヘカトンケイルリーダー：壁殴り	Вожак-гекатонхейр: удар по стене
ヘビー・ハイドロスプラッシュ	Тяжёлый водяной всплеск
ヘリッシュネビュラ	Адская туманность
ベネディクション	Благословение
ベヒーモス：二本足	Бегемот: на двух ногах
ベビーモルボル専用：AA/モルボル菌つき	Малыш-морбол: автоатака с микробами морбола
ペインストーム	Буря боли
ホロウクリスタル	Полый кристалл
ホーリジャ	Святость 4
ホーリーII	Святость 2
ポイズンスティング	Ядовитое жало
ポリッシュ	Полировка
マギ・ミサイル	Магическая ракета
マティウス・氷の巫女：原種：マティウスの体に帰還：演出アクション：RTI1：ボス1	Матеус, ледяная жрица: исходный вид, возвращение в тело Матеуса; постановочное действие, Ивалис 1, босс 1
ミサイル着弾	Попадание ракеты
メラメラファイア	Пылающий огонь
ヤンの微笑	Улыбка Ян
ライズ・オブ・ハート	Подъём сердца
ライトクインティプルスニーズ	Пятикратное чихание вправо
ライトサイド・ギガスラッシュ	Правосторонний гигантский разрез
ライトスニーズ	Чихание вправо
ライトロール	Перекат вправо
ラウンドスイング	Круговой взмах
ラウンドソード・マジック	Магия кругового меча
ラクシュミスタンド：手をかざす：極	Проявление Лакшми: поднятие руки, экстремальная сложность
ラクシュミ：スタンド：ピンクの吐息：履行演出：ラクシュミ戦	Лакшми: проявление, розовое дыхание; постановка приёма в бою с Лакшми
ラストソング	Последняя песнь
ラストダンス	Последний танец
ラティス	Решётка
ラブリーフェロモン	Прелестный феромон
ラブ・イズ・ブラインド	Любовь слепа
ラブ・ミー・テンダー	Люби меня нежно
リコンフィグ	Перенастройка
リフォージ	Перековка
リングソード・マジック	Магия кольцевого меча
リングビーム	Кольцевой луч
リヴァイアサン：遠隔反撃	Левиафан: ответная дальняя атака
リヴァイアサン：魔法反撃	Левиафан: ответная магическая атака
リーチ	Вытягивание
リーピング・ライトモウ	Прыгающая правая пасть
リーピング・レフトモウ	Прыгающая левая пасть
ルインジャ	Руина 4
ルミスフィア	Светящаяся сфера
ルーラー・オブ・ハート	Властелин сердца
レイジ・オブ・ハルオーネ	Ярость Халоне
レイニングキャッツ	Кошачий дождь
レフトクインティプルスニーズ	Пятикратное чихание влево
レフトサイド・ギガスラッシュ	Левосторонний гигантский разрез
レフトスニーズ	Чихание влево
レフトロール	Перекат влево
レーザーガン	Лазерная пушка
ロックフォール	Камнепад
ヴァルファズル	Вальфадр
ヴォルカニックハウル	Вулканический вой
三連黒竜閃	Тройная вспышка чёрного дракона
乙姫：チャダルヌーク・女神：移動用：アクション移動：非表示から非表示：共通	Отохимэ, богиня Чадарнук: перемещение действием из невидимости в невидимость, общий вариант
人型：拘束：事件屋ヒルディ	Гуманоид: связывание; расследование Хильдибранда
人型：黒将軍/魔導火フィールド	Гуманоид: Чёрный генерал, магитехническое огненное поле
人形召喚	Призыв куклы
価値暴落の波動	Волна обвала стоимости
光刃大斬機	Великая режущая машина светового клинка
光爆	Световой взрыв
全能者の祝福	Благословение Всемогущего
刀撃火種	Огненная искра удара мечом
前方乱流	Турбулентность спереди
前方猛襲乱流	Яростная штурмовая турбулентность спереди
前面噴霧	Фронтальное распыление
剣撃怒涛	Бурный натиск меча
加速レーザー	Ускоряющий лазер
加速度爆弾	Бомба ускорения
動体検知・連波	Обнаружение движения: последовательные волны
十字風	Крестообразный ветер
十火法	Тактика десяти огней
参の牙【咬裂】	Третий клык: разрывающий укус
参の牙【噛殺】	Третий клык: смертельный укус
双牙乱閃	Беспорядочные вспышки двух клыков
双牙連閃	Последовательные вспышки двух клыков
双魔連弾	Двойные последовательные магические снаряды
反撃効果	Эффект ответной атаки
反発	Отталкивание
叫喚	Вопль
合体	Слияние
吸引	Всасывание
吸着	Прилипание
呪具吸炎	Проклятое орудие: поглощение пламени
呪具暴風	Проклятое орудие: буря
呪具警陣	Проклятое орудие: защитный строй
呪火	Проклятый огонь
四天斬	Разрез четырёх небес
回想撃	Удар воспоминания
回転角乗算	Умножение угла поворота
圧殺撃	Смертельный давящий удар
地光	Земное сияние
地獄のエレジー	Адская элегия
堅忍の誉れ	Честь стойкости
壱の大蛇【惨毒】	Первый великий змей: гибельный яд
壱の蛇【惨毒】	Первый змей: гибельный яд
大地の重み	Тяжесть земли
大放電	Мощный электрический разряд
大氷山	Великий айсберг
大爆散	Мощное взрывное рассеивание
大爆発	Большой взрыв
大砲：発射：成功	Пушка: успешный выстрел
天鳴拳	Кулак небесного грома
天鼓雷音稲妻斬	Молниевый разрез небесного громового барабана
太古の氷河	Древний ледник
妖刀一閃	Вспышка зачарованного меча
嵐神の暴風	Буря бога ветров
嵐神の風刃	Ветряной клинок бога бури
左右鋏撃	Удары клешнями слева и справа
幻影生成	Создание иллюзии
座標移動	Перемещение по координатам
引き寄せ	Притягивание
弦月剣	Меч полумесяца
弦月連剣	Последовательные мечи полумесяца
弦月黒竜剣	Меч полумесяца чёрного дракона
強化プログラム：シールド	Программа усиления: щит
強化プログラム：ブレード	Программа усиления: клинок
強襲滑空	Штурмовое планирование
強酸放出	Выброс сильной кислоты
形態変化	Смена формы
影の王命	Королевский приказ тени
影縫い	Пригвождение тени
後方乱流	Турбулентность сзади
後方猛襲乱流	Яростная штурмовая турбулентность сзади
心神喪失ガス	Газ потери рассудка
思い出す：参	Вспомнить: три
思い出す：壱	Вспомнить: один
思い出す：弐	Вспомнить: два
思い出す：肆	Вспомнить: четыре
恐喝命令	Приказ устрашения
懲罰連撃・聖爆鎖	Карательные последовательные удары: цепь святых взрывов
手打ち	Удар рукой
拡散殺人光線	Рассеянный смертоносный луч
掘削拳	Бурящий кулак
支援命令	Приказ поддержки
攻撃	Атака
攻撃：ミサイル斉射	Атака: ракетный залп
放散	Рассеивание
断罪	Осуждение
昇竜	Восходящий дракон
星渡り	Переход между звёздами
暗黒	Тьма
榴散弾	Шрапнель
死に至る病	Смертельная болезнь
残影	Остаточная тень
毒気飛散	Рассеивание ядовитых паров
毒素吸収	Поглощение токсинов
気炎怒涛	Бурный огненный натиск
水脈の呪詛	Проклятие водной жилы
氷結の咆哮	Леденящий рёв
汎用：巴術技：単体スロウ	Общее: приём арканиста, замедление одной цели
汎用：巴術技：単体防御DOWN	Общее: приём арканиста, снижение защиты одной цели
汎用：絶対回避	Общее: абсолютное уклонение
汎用：詩人技：ヘヴィショット	Общее: приём барда, тяжёлый выстрел
汎用：詩人技：回避アップ歌	Общее: песнь барда, повышающая уклонение
汎用：詩人技：攻撃アップ歌	Общее: песнь барда, повышающая атаку
汎用：詩人技：防御アップ歌	Общее: песнь барда, повышающая защиту
汎用：逃げる	Общее: бегство
泥臭い息	Землистое дыхание
流星群	Метеорный поток
海千針千	Тысяча морских игл
滅波動	Волна уничтожения
激突	Столкновение
濃縮毒気	Сгущённые ядовитые пары
火上加油	Масло в огонь
火炎弾	Огненный снаряд
火焔	Пламя
火焔光背	Пламенный нимб
炎獄の楔：出現	Адский гвоздь: появление
炎獄の楔：死亡	Адский гвоздь: смерть
炸裂	Взрыв
炸裂弾	Разрывной снаряд
炸裂弾装填	Заряжание разрывного снаряда
烈風	Яростный ветер
無の飽和	Насыщение небытием
無敵の進撃マーチ（仮）	Непобедимый наступательный марш, временное название
無明閃	Вспышка мрака
爆散	Взрывное рассеивание
爆発	Взрыв
物理ストンスキン	Физическая каменная кожа
狂乱	Неистовство
獄炎の火花	Искра адского пламени
獄門	Адские врата
瘴気の息	Дыхание миазмов
登場	Появление
白蛇の牙	Клык белого змея
百烈拳	Кулак ста ударов
石化の光	Окаменяющий свет
石化の瞳	Окаменяющие глаза
破裂	Разрыв
磁岩投げ	Бросок магнитного камня
祭器の魂	Душа ритуального сосуда
祭器の魂：毒液弾	Душа ритуального сосуда: снаряд ядовитой жидкости
祭器の魂：麻痺弾	Душа ритуального сосуда: парализующий снаряд
突進攻撃	Атака рывком
突風	Порыв ветра
紫電清霜	Фиолетовая молния и чистый иней
絶望	Отчаяние
縦斬り	Вертикальный разрез
老木の杖	Посох старого дерева
脇差	Вакидзаси
臨界稼働砲	Пушка критической мощности
自爆	Самоподрыв
自爆攻撃	Атака самоподрывом
自由落下	Свободное падение
興奮	Возбуждение
花粉飛散	Рассеивание пыльцы
英雄の影が受けた攻撃：ブライティングブリッツ	Атака по тени героя: губительный блиц
英雄の影が受けた攻撃：ヴォイドパルセーション	Атака по тени героя: пульсация Пустоты
英雄の影が受けた攻撃：影の王権	Атака по тени героя: власть тени
英雄の影が受けた攻撃：影の遠吠え	Атака по тени героя: вой тени
虚ろな視線	Пустой взгляд
蜘蛛：コチュー落下	Паук: падение кочу
蜘蛛：コチュー落下予兆	Паук: предупреждение о падении кочу
蜘蛛：毒エリア	Паук: ядовитая область
衝撃	Удар
衝撃斬	Ударный разрез
衝撃波	Ударная волна
解析戦術	Тактика анализа
軟体細胞流	Поток мягких клеток
迅速魔	Быстрое колдовство
追い風	Попутный ветер
透明：2014夏祭り花火	Невидимый объект: фейерверк летнего праздника 2014 года
透明：アルテマウェポン：アルテマ弾ターゲッティング	Невидимый объект: Оружие Ультима, наведение снаряда Ультимы
透明：ガーゴイル暗黒沼発生	Невидимый объект: создание тёмного болота горгульи
透明：ギミック汎用：引き寄せ	Невидимый объект: общее притягивание механикой
透明：シヴァ：凍結レクト：ノックバック用	Невидимый объект: Шива, ледяной прямоугольник для отбрасывания
透明：シヴァ：凍結レクト：ノックバック用/ヒロイック	Невидимый объект: Шива, ледяной прямоугольник для отбрасывания, героическая сложность
透明：タイタン：岩の牢獄	Невидимый объект: Титан, каменная тюрьма
透明：テュポーン：GT：ゴールドソーサー	Невидимый объект: Тифон, наземная цель; Золотое блюдце
透明：ピンクの吐息：地面もやもや：履行演出：ラクシュミ戦	Невидимый объект: розовое дыхание, дымка на земле; постановка приёма в бою с Лакшми
透明：メテオ核予兆/大：バハムートダンジョン2/Trash	Невидимый объект: предупреждение большого ядра метеора; подземелье Бахамута 2, рядовые враги
透明：メテオ核予兆/小：バハムートダンジョン2/Trash	Невидимый объект: предупреждение малого ядра метеора; подземелье Бахамута 2, рядовые враги
透明：モーグリ：アローレイン：ターゲッティング/ノーマル	Невидимый объект: мугл, наведение дождя стрел, обычная сложность
透明：モーグリ：モーグリショット：ターゲッティング/ノーマル	Невидимый объект: мугл, наведение муглового выстрела, обычная сложность
透明：合体引き寄せ/ハウケタハード	Невидимый объект: притягивание для слияния; поместье Хаукке, сложно
透明：悪魔の扉：吸い込み	Невидимый объект: дверь демона, всасывание
透明：時限爆弾：線切り判定用	Невидимый объект: бомба с таймером, проверка разрыва связи
透明：水オブジェクト氷化時の目隠しエフェクト：RTI1：ボス1	Невидимый объект: маскирующий эффект замерзания водного объекта; Ивалис 1, босс 1
透明：波紋	Невидимый объект: рябь
透明：震源地ギミック：予兆表示用：オメガ2層：ノーマル	Невидимый объект: отображение предупреждения механики эпицентра; Омега, ярус 2, обычная сложность
連続吸引	Последовательное всасывание
重力崩壊	Гравитационный коллапс
重魂爆	Взрыв тяжёлой души
金：座標移動：無詠唱	Золото: перемещение по координатам без подготовки
針打ち	Удар иглой
銅像：自壊アクション：竜の巣：中ボス1	Бронзовая статуя: самоуничтожение; Гнездо, промежуточный босс 1
鋏角双撃	Двойной удар хелицерами
鎖死毒気	Смертельные ядовитые цепи
闇の侵食：眼	Поглощение тьмой: глаз
闘気波	Волна боевой энергии
零式 波動砲	Волновая пушка нулевого типа
雷切一閃	Вспышка рассекателя молнии
雷神式聖剣技	Искусство святого меча Бога грома
雷電の咆哮	Громовой рёв
高圧拡散ヴォルト	Высоковольтный рассеянный разряд
鬼神：履行技スタート：演出アクション：ノーマル	Демон: начало особого приёма, постановочное действие, обычная сложность
鬼神：履行技スタート：演出アクション：極	Демон: начало особого приёма, постановочное действие, экстремальная сложность
魔刃の爆炎	Взрывное пламя волшебного клинка
魔導ジャガーノート：GT攻撃	Магитехнический джаггернаут: атака наземной цели
魔導ジャガーノート：前方扇範囲攻撃	Магитехнический джаггернаут: атака по сектору спереди
魔導プラズマ	Магитехническая плазма
魔導レーザー	Магитехнический лазер
魔法ストンスキン	Магическая каменная кожа
魔物達のララバイ	Колыбельная чудовищ
黄金の葉風	Золотой ветер листьев
黒い雫	Чёрная капля
黒死の流星群	Метеорный поток чёрной смерти
黒竜剣アジュダヤ	Меч чёрного дракона Аздайи
Drop of Venom	Капля яда
Dust Devil	Пыльный вихрь
